path,y_true,y_pred,correct,latency_ms
C:\Users\kwon\Desktop\스마트미러 관련논문\모델검증\test\000001cegg.jpg,4,4,1,2.200
C:\Users\kwon\Desktop\스마트미러 관련논문\모델검증\test\000001diamond.jpg,3,0,0,1.795
C:\Users\kwon\Desktop\스마트미러 관련논문\모델검증\test\000001egg.jpg,4,4,1,1.671
C:\Users\kwon\Desktop\스마트미러 관련논문\모델검증\test\000001hlong.jpg,1,4,0,1.797
C:\Users\kwon\Desktop\스마트미러 관련논문\모델검증\test\000001ldiamond.jpg,3,4,0,3.473
C:\Users\kwon\Desktop\스마트미러 관련논문\모델검증\test\000001long.jpg,1,4,0,2.699
C:\Users\kwon\Desktop\스마트미러 관련논문\모델검증\test\000001pegg.jpg,4,4,1,2.853
C:\Users\kwon\Desktop\스마트미러 관련논문\모델검증\test\000001rdiamond.jpg,3,4,0,1.602
C:\Users\kwon\Desktop\스마트미러 관련논문\모델검증\test\000001realround.jpg,0,4,0,3.674
C:\Users\kwon\Desktop\스마트미러 관련논문\모델검증\test\000001roundangular.jpg,2,4,0,4.476
C:\Users\kwon\Desktop\스마트미러 관련논문\모델검증\test\000001roundangular.png,2,4,0,2.421
C:\Users\kwon\Desktop\스마트미러 관련논문\모델검증\test\000001slong.jpg,1,4,0,3.579
C:\Users\kwon\Desktop\스마트미러 관련논문\모델검증\test\000002cegg.jpg,4,4,1,2.580
C:\Users\kwon\Desktop\스마트미러 관련논문\모델검증\test\000002diamond.jpg,3,4,0,2.239
C:\Users\kwon\Desktop\스마트미러 관련논문\모델검증\test\000002diamond.png,3,4,0,2.480
C:\Users\kwon\Desktop\스마트미러 관련논문\모델검증\test\000002egg.jpg,4,4,1,2.506
C:\Users\kwon\Desktop\스마트미러 관련논문\모델검증\test\000002hlong.jpg,1,4,0,2.821
C:\Users\kwon\Desktop\스마트미러 관련논문\모델검증\test\000002jrealround.jpg,0,0,1,1.712
C:\Users\kwon\Desktop\스마트미러 관련논문\모델검증\test\000002jroundangular.jpg,2,4,0,2.242
C:\Users\kwon\Desktop\스마트미러 관련논문\모델검증\test\000002ldiamond.jpg,3,4,0,2.362
C:\Users\kwon\Desktop\스마트미러 관련논문\모델검증\test\000002long.jpg,1,4,0,3.964
C:\Users\kwon\Desktop\스마트미러 관련논문\모델검증\test\000002pegg.jpg,4,4,1,3.540
C:\Users\kwon\Desktop\스마트미러 관련논문\모델검증\test\000002realround.jpg,0,4,0,2.523
C:\Users\kwon\Desktop\스마트미러 관련논문\모델검증\test\000002roundangular.jpg,2,0,0,3.654
C:\Users\kwon\Desktop\스마트미러 관련논문\모델검증\test\000002slong.jpg,1,0,0,3.425
C:\Users\kwon\Desktop\스마트미러 관련논문\모델검증\test\000002srealround.jpg,0,4,0,3.489
C:\Users\kwon\Desktop\스마트미러 관련논문\모델검증\test\000003along.jpg,1,1,1,2.141
C:\Users\kwon\Desktop\스마트미러 관련논문\모델검증\test\000003cegg.jpg,4,4,1,3.088
C:\Users\kwon\Desktop\스마트미러 관련논문\모델검증\test\000003diamond.jpg,3,4,0,1.713
C:\Users\kwon\Desktop\스마트미러 관련논문\모델검증\test\000003egg.jpg,4,4,1,3.421
C:\Users\kwon\Desktop\스마트미러 관련논문\모델검증\test\000003hlong.jpg,1,1,1,1.562
C:\Users\kwon\Desktop\스마트미러 관련논문\모델검증\test\000003jrealround.jpg,0,0,1,2.438
C:\Users\kwon\Desktop\스마트미러 관련논문\모델검증\test\000003jroundangular.jpg,2,4,0,3.507
C:\Users\kwon\Desktop\스마트미러 관련논문\모델검증\test\000003ldiamond.jpg,3,4,0,3.315
C:\Users\kwon\Desktop\스마트미러 관련논문\모델검증\test\000003long.jpg,1,4,0,3.250
C:\Users\kwon\Desktop\스마트미러 관련논문\모델검증\test\000003lroundangular.jpg,2,4,0,2.743
C:\Users\kwon\Desktop\스마트미러 관련논문\모델검증\test\000003pegg.jpg,4,4,1,2.527
C:\Users\kwon\Desktop\스마트미러 관련논문\모델검증\test\000003rdiamond.jpg,3,0,0,2.470
C:\Users\kwon\Desktop\스마트미러 관련논문\모델검증\test\000003realround.jpg,0,0,1,3.593
C:\Users\kwon\Desktop\스마트미러 관련논문\모델검증\test\000003roundangular.jpg,2,4,0,1.635
C:\Users\kwon\Desktop\스마트미러 관련논문\모델검증\test\000003slong.jpg,1,4,0,2.916
C:\Users\kwon\Desktop\스마트미러 관련논문\모델검증\test\000003srealround.jpg,0,4,0,4.625
C:\Users\kwon\Desktop\스마트미러 관련논문\모델검증\test\000004along.jpg,1,4,0,2.825
C:\Users\kwon\Desktop\스마트미러 관련논문\모델검증\test\000004cegg.jpg,4,4,1,2.812
C:\Users\kwon\Desktop\스마트미러 관련논문\모델검증\test\000004diamond.jpg,3,4,0,3.498
C:\Users\kwon\Desktop\스마트미러 관련논문\모델검증\test\000004egg.jpg,4,4,1,2.467
C:\Users\kwon\Desktop\스마트미러 관련논문\모델검증\test\000004hlong.jpg,1,1,1,2.248
C:\Users\kwon\Desktop\스마트미러 관련논문\모델검증\test\000004jrealround.jpg,0,4,0,2.745
C:\Users\kwon\Desktop\스마트미러 관련논문\모델검증\test\000004klong.jpg,1,0,0,2.090
C:\Users\kwon\Desktop\스마트미러 관련논문\모델검증\test\000004ldiamond.jpg,3,4,0,2.920
C:\Users\kwon\Desktop\스마트미러 관련논문\모델검증\test\000004long.jpg,1,4,0,3.521
C:\Users\kwon\Desktop\스마트미러 관련논문\모델검증\test\000004rdiamond.jpg,3,4,0,3.876
C:\Users\kwon\Desktop\스마트미러 관련논문\모델검증\test\000004realround.jpg,0,4,0,3.427
C:\Users\kwon\Desktop\스마트미러 관련논문\모델검증\test\000004roundangular.jpg,2,4,0,3.766
C:\Users\kwon\Desktop\스마트미러 관련논문\모델검증\test\000004slong.jpg,1,4,0,3.203
C:\Users\kwon\Desktop\스마트미러 관련논문\모델검증\test\000004srealround.jpg,0,0,1,3.289
C:\Users\kwon\Desktop\스마트미러 관련논문\모델검증\test\000005diamond.jpg,3,4,0,2.472
C:\Users\kwon\Desktop\스마트미러 관련논문\모델검증\test\000005egg.jpg,4,4,1,3.163
C:\Users\kwon\Desktop\스마트미러 관련논문\모델검증\test\000005hlong.jpg,1,4,0,2.899
C:\Users\kwon\Desktop\스마트미러 관련논문\모델검증\test\000005ldiamond.jpg,3,4,0,3.381
C:\Users\kwon\Desktop\스마트미러 관련논문\모델검증\test\000005long.jpg,1,0,0,3.465
C:\Users\kwon\Desktop\스마트미러 관련논문\모델검증\test\000005lroundangular.jpg,2,0,0,1.876
C:\Users\kwon\Desktop\스마트미러 관련논문\모델검증\test\000005rdiamond.jpg,3,4,0,3.532
C:\Users\kwon\Desktop\스마트미러 관련논문\모델검증\test\000005realround.jpg,0,0,1,2.957
C:\Users\kwon\Desktop\스마트미러 관련논문\모델검증\test\000005roundangular.jpg,2,0,0,1.855
C:\Users\kwon\Desktop\스마트미러 관련논문\모델검증\test\000005slong.jpg,1,4,0,2.200
C:\Users\kwon\Desktop\스마트미러 관련논문\모델검증\test\000006along.jpg,1,4,0,1.905
C:\Users\kwon\Desktop\스마트미러 관련논문\모델검증\test\000006diamond.jpg,3,4,0,2.380
C:\Users\kwon\Desktop\스마트미러 관련논문\모델검증\test\000006egg.jpg,4,4,1,2.628
C:\Users\kwon\Desktop\스마트미러 관련논문\모델검증\test\000006egg.png,4,4,1,1.979
C:\Users\kwon\Desktop\스마트미러 관련논문\모델검증\test\000006ldiamond.jpg,3,4,0,3.785
C:\Users\kwon\Desktop\스마트미러 관련논문\모델검증\test\000006long.jpg,1,4,0,2.693
C:\Users\kwon\Desktop\스마트미러 관련논문\모델검증\test\000006lroundangular.jpg,2,0,0,4.066
C:\Users\kwon\Desktop\스마트미러 관련논문\모델검증\test\000006rdiamond.jpg,3,0,0,3.391
C:\Users\kwon\Desktop\스마트미러 관련논문\모델검증\test\000006realround.jpg,0,4,0,3.428
C:\Users\kwon\Desktop\스마트미러 관련논문\모델검증\test\000006roundangular.jpg,2,4,0,3.401
C:\Users\kwon\Desktop\스마트미러 관련논문\모델검증\test\000006slong.jpg,1,4,0,3.164
C:\Users\kwon\Desktop\스마트미러 관련논문\모델검증\test\000006srealround.jpg,0,0,1,3.832
C:\Users\kwon\Desktop\스마트미러 관련논문\모델검증\test\000007cegg.jpg,4,4,1,3.408
C:\Users\kwon\Desktop\스마트미러 관련논문\모델검증\test\000007diamond.jpg,3,0,0,2.522
C:\Users\kwon\Desktop\스마트미러 관련논문\모델검증\test\000007egg.jpg,4,4,1,2.899
C:\Users\kwon\Desktop\스마트미러 관련논문\모델검증\test\000007hlong.jpg,1,0,0,2.364
C:\Users\kwon\Desktop\스마트미러 관련논문\모델검증\test\000007ldiamond.jpg,3,3,1,1.627
C:\Users\kwon\Desktop\스마트미러 관련논문\모델검증\test\000007long.jpg,1,4,0,2.116
C:\Users\kwon\Desktop\스마트미러 관련논문\모델검증\test\000007rdiamond.jpg,3,4,0,3.466
C:\Users\kwon\Desktop\스마트미러 관련논문\모델검증\test\000007realround.jpg,0,0,1,2.570
C:\Users\kwon\Desktop\스마트미러 관련논문\모델검증\test\000007roundangular.jpg,2,3,0,4.610
C:\Users\kwon\Desktop\스마트미러 관련논문\모델검증\test\000007srealround.jpg,0,0,1,3.457
C:\Users\kwon\Desktop\스마트미러 관련논문\모델검증\test\000008along.jpg,1,4,0,2.791
C:\Users\kwon\Desktop\스마트미러 관련논문\모델검증\test\000008cegg.jpg,4,4,1,3.608
C:\Users\kwon\Desktop\스마트미러 관련논문\모델검증\test\000008diamond.jpg,3,3,1,3.075
C:\Users\kwon\Desktop\스마트미러 관련논문\모델검증\test\000008egg.jpg,4,4,1,3.401
C:\Users\kwon\Desktop\스마트미러 관련논문\모델검증\test\000008ldiamond.jpg,3,4,0,2.578
C:\Users\kwon\Desktop\스마트미러 관련논문\모델검증\test\000008long.jpg,1,1,1,1.893
C:\Users\kwon\Desktop\스마트미러 관련논문\모델검증\test\000008lroundangular.jpg,2,4,0,3.413
C:\Users\kwon\Desktop\스마트미러 관련논문\모델검증\test\000008pegg.jpg,4,4,1,1.827
C:\Users\kwon\Desktop\스마트미러 관련논문\모델검증\test\000008rdiamond.jpg,3,4,0,2.180
C:\Users\kwon\Desktop\스마트미러 관련논문\모델검증\test\000008realround.jpg,0,0,1,3.476
C:\Users\kwon\Desktop\스마트미러 관련논문\모델검증\test\000008roundangular.jpg,2,4,0,1.794
C:\Users\kwon\Desktop\스마트미러 관련논문\모델검증\test\000008slong.jpg,1,4,0,2.447
C:\Users\kwon\Desktop\스마트미러 관련논문\모델검증\test\000009cegg.jpg,4,4,1,2.476
C:\Users\kwon\Desktop\스마트미러 관련논문\모델검증\test\000009diamond.jpg,3,0,0,3.274
C:\Users\kwon\Desktop\스마트미러 관련논문\모델검증\test\000009diamond.png,3,3,1,3.728
C:\Users\kwon\Desktop\스마트미러 관련논문\모델검증\test\000009egg.jpg,4,4,1,2.849
C:\Users\kwon\Desktop\스마트미러 관련논문\모델검증\test\000009hlong.jpg,1,1,1,1.976
C:\Users\kwon\Desktop\스마트미러 관련논문\모델검증\test\000009jrealround.jpg,0,4,0,2.302
C:\Users\kwon\Desktop\스마트미러 관련논문\모델검증\test\000009ldiamond.jpg,3,4,0,1.819
C:\Users\kwon\Desktop\스마트미러 관련논문\모델검증\test\000009llong.jpg,1,0,0,3.066
C:\Users\kwon\Desktop\스마트미러 관련논문\모델검증\test\000009long.jpg,1,4,0,3.426
C:\Users\kwon\Desktop\스마트미러 관련논문\모델검증\test\000009lroundangular.jpg,2,4,0,2.151
C:\Users\kwon\Desktop\스마트미러 관련논문\모델검증\test\000009pegg.jpg,4,4,1,2.067
C:\Users\kwon\Desktop\스마트미러 관련논문\모델검증\test\000009realround.jpg,0,4,0,2.744
C:\Users\kwon\Desktop\스마트미러 관련논문\모델검증\test\000009roundangular.jpg,2,4,0,2.179
C:\Users\kwon\Desktop\스마트미러 관련논문\모델검증\test\000009slong.jpg,1,4,0,3.634
C:\Users\kwon\Desktop\스마트미러 관련논문\모델검증\test\000009srealround.jpg,0,0,1,1.900
C:\Users\kwon\Desktop\스마트미러 관련논문\모델검증\test\000010along.jpg,1,4,0,4.401
C:\Users\kwon\Desktop\스마트미러 관련논문\모델검증\test\000010cegg.jpg,4,4,1,3.821
C:\Users\kwon\Desktop\스마트미러 관련논문\모델검증\test\000010diamond.jpg,3,0,0,1.684
C:\Users\kwon\Desktop\스마트미러 관련논문\모델검증\test\000010egg.jpg,4,4,1,2.472
C:\Users\kwon\Desktop\스마트미러 관련논문\모델검증\test\000010jrealround.jpg,0,0,1,2.418
C:\Users\kwon\Desktop\스마트미러 관련논문\모델검증\test\000010klong.jpg,1,1,1,3.617
C:\Users\kwon\Desktop\스마트미러 관련논문\모델검증\test\000010ldiamond.jpg,3,4,0,3.206
C:\Users\kwon\Desktop\스마트미러 관련논문\모델검증\test\000010long.jpg,1,4,0,2.726
C:\Users\kwon\Desktop\스마트미러 관련논문\모델검증\test\000010lroundangular.jpg,2,4,0,3.433
C:\Users\kwon\Desktop\스마트미러 관련논문\모델검증\test\000010pegg.jpg,4,4,1,3.288
C:\Users\kwon\Desktop\스마트미러 관련논문\모델검증\test\000010rdiamond.jpg,3,4,0,2.611
C:\Users\kwon\Desktop\스마트미러 관련논문\모델검증\test\000010realround.jpg,0,4,0,2.830
C:\Users\kwon\Desktop\스마트미러 관련논문\모델검증\test\000010roundangular.jpg,2,4,0,1.968
C:\Users\kwon\Desktop\스마트미러 관련논문\모델검증\test\000010srealround.jpg,0,0,1,3.387
C:\Users\kwon\Desktop\스마트미러 관련논문\모델검증\test\000011cegg.jpg,4,4,1,4.272
C:\Users\kwon\Desktop\스마트미러 관련논문\모델검증\test\000011diamond.jpg,3,0,0,3.482
C:\Users\kwon\Desktop\스마트미러 관련논문\모델검증\test\000011egg.jpg,4,4,1,2.540
C:\Users\kwon\Desktop\스마트미러 관련논문\모델검증\test\000011hlong.jpg,1,4,0,2.131
C:\Users\kwon\Desktop\스마트미러 관련논문\모델검증\test\000011jrealround.jpg,0,0,1,1.715
C:\Users\kwon\Desktop\스마트미러 관련논문\모델검증\test\000011ldiamond.jpg,3,1,0,3.406
C:\Users\kwon\Desktop\스마트미러 관련논문\모델검증\test\000011long.jpg,1,1,1,2.378
C:\Users\kwon\Desktop\스마트미러 관련논문\모델검증\test\000011lroundangular.jpg,2,0,0,1.993
C:\Users\kwon\Desktop\스마트미러 관련논문\모델검증\test\000011rdiamond.jpg,3,4,0,1.881
C:\Users\kwon\Desktop\스마트미러 관련논문\모델검증\test\000011realround.jpg,0,0,1,3.699
C:\Users\kwon\Desktop\스마트미러 관련논문\모델검증\test\000011roundangular.jpg,2,4,0,2.180
C:\Users\kwon\Desktop\스마트미러 관련논문\모델검증\test\000011slong.jpg,1,4,0,2.802
C:\Users\kwon\Desktop\스마트미러 관련논문\모델검증\test\000011srealround.jpg,0,0,1,1.689
C:\Users\kwon\Desktop\스마트미러 관련논문\모델검증\test\000012cegg.jpg,4,4,1,3.485
C:\Users\kwon\Desktop\스마트미러 관련논문\모델검증\test\000012diamond.jpg,3,4,0,3.490
C:\Users\kwon\Desktop\스마트미러 관련논문\모델검증\test\000012egg.jpg,4,4,1,2.317
C:\Users\kwon\Desktop\스마트미러 관련논문\모델검증\test\000012hlong.jpg,1,4,0,2.923
C:\Users\kwon\Desktop\스마트미러 관련논문\모델검증\test\000012jrealround.jpg,0,0,1,1.833
C:\Users\kwon\Desktop\스마트미러 관련논문\모델검증\test\000012ldiamond.jpg,3,4,0,2.004
C:\Users\kwon\Desktop\스마트미러 관련논문\모델검증\test\000012long.jpg,1,4,0,2.238
C:\Users\kwon\Desktop\스마트미러 관련논문\모델검증\test\000012pegg.jpg,4,4,1,3.441
C:\Users\kwon\Desktop\스마트미러 관련논문\모델검증\test\000012rdiamond.jpg,3,4,0,3.708
C:\Users\kwon\Desktop\스마트미러 관련논문\모델검증\test\000012realround.jpg,0,0,1,3.399
C:\Users\kwon\Desktop\스마트미러 관련논문\모델검증\test\000012roundangular.jpg,2,4,0,3.394
C:\Users\kwon\Desktop\스마트미러 관련논문\모델검증\test\000013cegg.jpg,4,4,1,3.473
C:\Users\kwon\Desktop\스마트미러 관련논문\모델검증\test\000013diamond.jpg,3,0,0,1.859
C:\Users\kwon\Desktop\스마트미러 관련논문\모델검증\test\000013egg.jpg,4,4,1,2.402
C:\Users\kwon\Desktop\스마트미러 관련논문\모델검증\test\000013hlong.jpg,1,4,0,1.605
C:\Users\kwon\Desktop\스마트미러 관련논문\모델검증\test\000013jrealround.jpg,0,4,0,2.861
C:\Users\kwon\Desktop\스마트미러 관련논문\모델검증\test\000013ldiamond.jpg,3,3,1,3.411
C:\Users\kwon\Desktop\스마트미러 관련논문\모델검증\test\000013long.jpg,1,1,1,3.053
C:\Users\kwon\Desktop\스마트미러 관련논문\모델검증\test\000013lroundangular.jpg,2,0,0,2.594
C:\Users\kwon\Desktop\스마트미러 관련논문\모델검증\test\000013rdiamond.jpg,3,4,0,3.849
C:\Users\kwon\Desktop\스마트미러 관련논문\모델검증\test\000013realround.jpg,0,4,0,3.416
C:\Users\kwon\Desktop\스마트미러 관련논문\모델검증\test\000013roundangular.jpg,2,4,0,3.391
C:\Users\kwon\Desktop\스마트미러 관련논문\모델검증\test\000014along.jpg,1,4,0,1.697
C:\Users\kwon\Desktop\스마트미러 관련논문\모델검증\test\000014cegg.jpg,4,4,1,2.160
C:\Users\kwon\Desktop\스마트미러 관련논문\모델검증\test\000014diamond.jpg,3,0,0,1.671
C:\Users\kwon\Desktop\스마트미러 관련논문\모델검증\test\000014egg.jpg,4,4,1,1.530
C:\Users\kwon\Desktop\스마트미러 관련논문\모델검증\test\000014hlong.jpg,1,1,1,1.806
C:\Users\kwon\Desktop\스마트미러 관련논문\모델검증\test\000014ldiamond.jpg,3,1,0,1.552
C:\Users\kwon\Desktop\스마트미러 관련논문\모델검증\test\000014long.jpg,1,4,0,4.492
C:\Users\kwon\Desktop\스마트미러 관련논문\모델검증\test\000014pegg.jpg,4,4,1,1.707
C:\Users\kwon\Desktop\스마트미러 관련논문\모델검증\test\000014rdiamond.jpg,3,4,0,1.644
C:\Users\kwon\Desktop\스마트미러 관련논문\모델검증\test\000014realround.jpg,0,4,0,1.962
C:\Users\kwon\Desktop\스마트미러 관련논문\모델검증\test\000014roundangular.jpg,2,4,0,1.955
C:\Users\kwon\Desktop\스마트미러 관련논문\모델검증\test\000014roundangular.png,2,4,0,1.544
C:\Users\kwon\Desktop\스마트미러 관련논문\모델검증\test\000014slong.jpg,1,1,1,3.064
C:\Users\kwon\Desktop\스마트미러 관련논문\모델검증\test\000015along.jpg,1,0,0,2.130
C:\Users\kwon\Desktop\스마트미러 관련논문\모델검증\test\000015cegg.jpg,4,4,1,1.839
C:\Users\kwon\Desktop\스마트미러 관련논문\모델검증\test\000015diamond.jpg,3,4,0,1.778
C:\Users\kwon\Desktop\스마트미러 관련논문\모델검증\test\000015egg.jpg,4,4,1,3.469
C:\Users\kwon\Desktop\스마트미러 관련논문\모델검증\test\000015egg.png,4,4,1,1.818
C:\Users\kwon\Desktop\스마트미러 관련논문\모델검증\test\000015hlong.jpg,1,4,0,1.474
C:\Users\kwon\Desktop\스마트미러 관련논문\모델검증\test\000015ldiamond.jpg,3,4,0,1.770
C:\Users\kwon\Desktop\스마트미러 관련논문\모델검증\test\000015long.jpg,1,4,0,1.612
C:\Users\kwon\Desktop\스마트미러 관련논문\모델검증\test\000015rdiamond.jpg,3,4,0,1.734
C:\Users\kwon\Desktop\스마트미러 관련논문\모델검증\test\000015realround.jpg,0,0,1,2.054
C:\Users\kwon\Desktop\스마트미러 관련논문\모델검증\test\000015roundangular.jpg,2,4,0,1.563
C:\Users\kwon\Desktop\스마트미러 관련논문\모델검증\test\000015slong.jpg,1,4,0,2.355
C:\Users\kwon\Desktop\스마트미러 관련논문\모델검증\test\000016diamond.jpg,3,4,0,1.956
C:\Users\kwon\Desktop\스마트미러 관련논문\모델검증\test\000016egg.jpg,4,4,1,1.447
C:\Users\kwon\Desktop\스마트미러 관련논문\모델검증\test\000016hlong.jpg,1,4,0,1.732
C:\Users\kwon\Desktop\스마트미러 관련논문\모델검증\test\000016ldiamond.jpg,3,4,0,1.657
C:\Users\kwon\Desktop\스마트미러 관련논문\모델검증\test\000016long.jpg,1,0,0,2.078
C:\Users\kwon\Desktop\스마트미러 관련논문\모델검증\test\000016lroundangular.jpg,2,0,0,2.897
C:\Users\kwon\Desktop\스마트미러 관련논문\모델검증\test\000016pegg.jpg,4,0,0,1.550
C:\Users\kwon\Desktop\스마트미러 관련논문\모델검증\test\000016rdiamond.jpg,3,4,0,2.299
C:\Users\kwon\Desktop\스마트미러 관련논문\모델검증\test\000016realround.jpg,0,4,0,2.115
C:\Users\kwon\Desktop\스마트미러 관련논문\모델검증\test\000016roundangular.jpg,2,4,0,2.286
C:\Users\kwon\Desktop\스마트미러 관련논문\모델검증\test\000017cegg.jpg,4,0,0,1.490
C:\Users\kwon\Desktop\스마트미러 관련논문\모델검증\test\000017diamond.jpg,3,4,0,1.692
C:\Users\kwon\Desktop\스마트미러 관련논문\모델검증\test\000017egg.jpg,4,4,1,2.178
C:\Users\kwon\Desktop\스마트미러 관련논문\모델검증\test\000017hlong.jpg,1,4,0,2.128
C:\Users\kwon\Desktop\스마트미러 관련논문\모델검증\test\000017ldiamond.jpg,3,4,0,1.634
C:\Users\kwon\Desktop\스마트미러 관련논문\모델검증\test\000017long.jpg,1,4,0,1.823
C:\Users\kwon\Desktop\스마트미러 관련논문\모델검증\test\000017lroundangular.jpg,2,4,0,1.594
C:\Users\kwon\Desktop\스마트미러 관련논문\모델검증\test\000017pegg.jpg,4,4,1,2.257
C:\Users\kwon\Desktop\스마트미러 관련논문\모델검증\test\000017rdiamond.jpg,3,4,0,1.543
C:\Users\kwon\Desktop\스마트미러 관련논문\모델검증\test\000017realround.jpg,0,0,1,2.131
C:\Users\kwon\Desktop\스마트미러 관련논문\모델검증\test\000017roundangular.jpg,2,0,0,2.169
C:\Users\kwon\Desktop\스마트미러 관련논문\모델검증\test\000017srealround.jpg,0,4,0,1.815
C:\Users\kwon\Desktop\스마트미러 관련논문\모델검증\test\000018along.jpg,1,1,1,2.123
C:\Users\kwon\Desktop\스마트미러 관련논문\모델검증\test\000018aslong.jpg,1,4,0,2.029
C:\Users\kwon\Desktop\스마트미러 관련논문\모델검증\test\000018cegg.jpg,4,4,1,2.838
C:\Users\kwon\Desktop\스마트미러 관련논문\모델검증\test\000018diamond.jpg,3,0,0,1.640
C:\Users\kwon\Desktop\스마트미러 관련논문\모델검증\test\000018egg.jpg,4,4,1,1.845
C:\Users\kwon\Desktop\스마트미러 관련논문\모델검증\test\000018hlong.jpg,1,1,1,2.790
C:\Users\kwon\Desktop\스마트미러 관련논문\모델검증\test\000018klroundangular.jpg,2,2,1,2.117
C:\Users\kwon\Desktop\스마트미러 관련논문\모델검증\test\000018ldiamond.jpg,3,4,0,1.927
C:\Users\kwon\Desktop\스마트미러 관련논문\모델검증\test\000018long.jpg,1,4,0,3.265
C:\Users\kwon\Desktop\스마트미러 관련논문\모델검증\test\000018pegg.jpg,4,4,1,1.470
C:\Users\kwon\Desktop\스마트미러 관련논문\모델검증\test\000018rdiamond.jpg,3,4,0,1.745
C:\Users\kwon\Desktop\스마트미러 관련논문\모델검증\test\000018realround.jpg,0,0,1,1.996
C:\Users\kwon\Desktop\스마트미러 관련논문\모델검증\test\000018roundangular.jpg,2,4,0,2.104
C:\Users\kwon\Desktop\스마트미러 관련논문\모델검증\test\000019along.jpg,1,1,1,2.047
C:\Users\kwon\Desktop\스마트미러 관련논문\모델검증\test\000019cegg.jpg,4,4,1,3.197
C:\Users\kwon\Desktop\스마트미러 관련논문\모델검증\test\000019diamond.jpg,3,0,0,2.501
C:\Users\kwon\Desktop\스마트미러 관련논문\모델검증\test\000019egg.jpg,4,4,1,2.405
C:\Users\kwon\Desktop\스마트미러 관련논문\모델검증\test\000019ldiamond.jpg,3,4,0,2.000
C:\Users\kwon\Desktop\스마트미러 관련논문\모델검증\test\000019long.jpg,1,4,0,2.614
C:\Users\kwon\Desktop\스마트미러 관련논문\모델검증\test\000019lroundangular.jpg,2,4,0,1.504
C:\Users\kwon\Desktop\스마트미러 관련논문\모델검증\test\000019rdiamond.jpg,3,0,0,1.742
C:\Users\kwon\Desktop\스마트미러 관련논문\모델검증\test\000019realround.jpg,0,4,0,2.340
C:\Users\kwon\Desktop\스마트미러 관련논문\모델검증\test\000019roundangular.jpg,2,4,0,2.378
C:\Users\kwon\Desktop\스마트미러 관련논문\모델검증\test\000019slong.jpg,1,1,1,2.552
C:\Users\kwon\Desktop\스마트미러 관련논문\모델검증\test\000020along.jpg,1,4,0,2.113
C:\Users\kwon\Desktop\스마트미러 관련논문\모델검증\test\000020diamond.jpg,3,4,0,1.686
C:\Users\kwon\Desktop\스마트미러 관련논문\모델검증\test\000020egg.jpg,4,4,1,3.057
C:\Users\kwon\Desktop\스마트미러 관련논문\모델검증\test\000020hlong.jpg,1,4,0,2.587
C:\Users\kwon\Desktop\스마트미러 관련논문\모델검증\test\000020ldiamond.jpg,3,4,0,1.784
C:\Users\kwon\Desktop\스마트미러 관련논문\모델검증\test\000020long.jpg,1,1,1,2.663
C:\Users\kwon\Desktop\스마트미러 관련논문\모델검증\test\000020rdiamond.jpg,3,4,0,2.256
C:\Users\kwon\Desktop\스마트미러 관련논문\모델검증\test\000020realround.jpg,0,0,1,2.012
C:\Users\kwon\Desktop\스마트미러 관련논문\모델검증\test\000020roundangular.jpg,2,4,0,2.291
C:\Users\kwon\Desktop\스마트미러 관련논문\모델검증\test\000020roundangular.png,2,4,0,1.750
C:\Users\kwon\Desktop\스마트미러 관련논문\모델검증\test\000020slong.jpg,1,4,0,1.764
C:\Users\kwon\Desktop\스마트미러 관련논문\모델검증\test\000021diamond.jpg,3,4,0,2.046
C:\Users\kwon\Desktop\스마트미러 관련논문\모델검증\test\000021diamond.png,3,4,0,1.764
C:\Users\kwon\Desktop\스마트미러 관련논문\모델검증\test\000021egg.jpg,4,4,1,2.141
C:\Users\kwon\Desktop\스마트미러 관련논문\모델검증\test\000021jrealround.jpg,0,0,1,2.061
C:\Users\kwon\Desktop\스마트미러 관련논문\모델검증\test\000021ldiamond.jpg,3,3,1,2.027
C:\Users\kwon\Desktop\스마트미러 관련논문\모델검증\test\000021long.jpg,1,0,0,2.308
C:\Users\kwon\Desktop\스마트미러 관련논문\모델검증\test\000021realround.jpg,0,4,0,1.730
C:\Users\kwon\Desktop\스마트미러 관련논문\모델검증\test\000021roundangular.jpg,2,0,0,2.600
C:\Users\kwon\Desktop\스마트미러 관련논문\모델검증\test\000021slong.jpg,1,1,1,1.764
C:\Users\kwon\Desktop\스마트미러 관련논문\모델검증\test\000022along.jpg,1,4,0,2.273
C:\Users\kwon\Desktop\스마트미러 관련논문\모델검증\test\000022diamond.jpg,3,2,0,2.264
C:\Users\kwon\Desktop\스마트미러 관련논문\모델검증\test\000022egg.jpg,4,4,1,2.562
C:\Users\kwon\Desktop\스마트미러 관련논문\모델검증\test\000022hlong.jpg,1,0,0,2.413
C:\Users\kwon\Desktop\스마트미러 관련논문\모델검증\test\000022jrealround.jpg,0,0,1,2.429
C:\Users\kwon\Desktop\스마트미러 관련논문\모델검증\test\000022ldiamond.jpg,3,3,1,1.985
C:\Users\kwon\Desktop\스마트미러 관련논문\모델검증\test\000022long.jpg,1,1,1,1.470
C:\Users\kwon\Desktop\스마트미러 관련논문\모델검증\test\000022pegg.jpg,4,4,1,2.225
C:\Users\kwon\Desktop\스마트미러 관련논문\모델검증\test\000022rdiamond.jpg,3,4,0,2.212
C:\Users\kwon\Desktop\스마트미러 관련논문\모델검증\test\000022realround.jpg,0,4,0,1.863
C:\Users\kwon\Desktop\스마트미러 관련논문\모델검증\test\000022roundangular.jpg,2,0,0,1.955
C:\Users\kwon\Desktop\스마트미러 관련논문\모델검증\test\000022slong.jpg,1,1,1,1.760
C:\Users\kwon\Desktop\스마트미러 관련논문\모델검증\test\000023diamond.jpg,3,4,0,2.479
C:\Users\kwon\Desktop\스마트미러 관련논문\모델검증\test\000023egg.jpg,4,4,1,2.006
C:\Users\kwon\Desktop\스마트미러 관련논문\모델검증\test\000023hlong.jpg,1,1,1,1.901
C:\Users\kwon\Desktop\스마트미러 관련논문\모델검증\test\000023ldiamond.jpg,3,3,1,2.502
C:\Users\kwon\Desktop\스마트미러 관련논문\모델검증\test\000023long.jpg,1,4,0,2.367
C:\Users\kwon\Desktop\스마트미러 관련논문\모델검증\test\000023rdiamond.jpg,3,3,1,2.324
C:\Users\kwon\Desktop\스마트미러 관련논문\모델검증\test\000023roundangular.jpg,2,4,0,2.481
C:\Users\kwon\Desktop\스마트미러 관련논문\모델검증\test\000023slong.jpg,1,0,0,2.072
C:\Users\kwon\Desktop\스마트미러 관련논문\모델검증\test\000024cegg.jpg,4,4,1,2.112
C:\Users\kwon\Desktop\스마트미러 관련논문\모델검증\test\000024diamond.jpg,3,4,0,1.487
C:\Users\kwon\Desktop\스마트미러 관련논문\모델검증\test\000024egg.jpg,4,4,1,1.780
C:\Users\kwon\Desktop\스마트미러 관련논문\모델검증\test\000024ldiamond.jpg,3,4,0,1.577
C:\Users\kwon\Desktop\스마트미러 관련논문\모델검증\test\000024long.jpg,1,4,0,1.514
C:\Users\kwon\Desktop\스마트미러 관련논문\모델검증\test\000024long.png,1,4,0,1.551
C:\Users\kwon\Desktop\스마트미러 관련논문\모델검증\test\000024lroundangular.jpg,2,4,0,1.719
C:\Users\kwon\Desktop\스마트미러 관련논문\모델검증\test\000024pegg.jpg,4,4,1,2.817
C:\Users\kwon\Desktop\스마트미러 관련논문\모델검증\test\000024rdiamond.jpg,3,4,0,3.602
C:\Users\kwon\Desktop\스마트미러 관련논문\모델검증\test\000024roundangular.jpg,2,3,0,2.388
C:\Users\kwon\Desktop\스마트미러 관련논문\모델검증\test\000024slong.jpg,1,4,0,2.408
C:\Users\kwon\Desktop\스마트미러 관련논문\모델검증\test\000025along.jpg,1,4,0,1.732
C:\Users\kwon\Desktop\스마트미러 관련논문\모델검증\test\000025diamond.jpg,3,4,0,1.498
C:\Users\kwon\Desktop\스마트미러 관련논문\모델검증\test\000025egg.jpg,4,4,1,2.635
C:\Users\kwon\Desktop\스마트미러 관련논문\모델검증\test\000025hlong.jpg,1,1,1,1.863
C:\Users\kwon\Desktop\스마트미러 관련논문\모델검증\test\000025ldiamond.jpg,3,4,0,1.536
C:\Users\kwon\Desktop\스마트미러 관련논문\모델검증\test\000025long.jpg,1,4,0,2.274
C:\Users\kwon\Desktop\스마트미러 관련논문\모델검증\test\000025lroundangular.jpg,2,4,0,2.588
C:\Users\kwon\Desktop\스마트미러 관련논문\모델검증\test\000025rdiamond.jpg,3,2,0,2.051
C:\Users\kwon\Desktop\스마트미러 관련논문\모델검증\test\000025realround.jpg,0,0,1,1.987
C:\Users\kwon\Desktop\스마트미러 관련논문\모델검증\test\000025roundangular.jpg,2,2,1,1.854
C:\Users\kwon\Desktop\스마트미러 관련논문\모델검증\test\000025slong.jpg,1,1,1,2.372
C:\Users\kwon\Desktop\스마트미러 관련논문\모델검증\test\000026along.jpg,1,1,1,2.295
C:\Users\kwon\Desktop\스마트미러 관련논문\모델검증\test\000026cegg.jpg,4,4,1,2.468
C:\Users\kwon\Desktop\스마트미러 관련논문\모델검증\test\000026diamond.jpg,3,4,0,2.372
C:\Users\kwon\Desktop\스마트미러 관련논문\모델검증\test\000026egg.jpg,4,4,1,1.654
C:\Users\kwon\Desktop\스마트미러 관련논문\모델검증\test\000026hlong.jpg,1,1,1,2.503
C:\Users\kwon\Desktop\스마트미러 관련논문\모델검증\test\000026jrealround.jpg,0,0,1,1.645
C:\Users\kwon\Desktop\스마트미러 관련논문\모델검증\test\000026ldiamond.jpg,3,3,1,2.074
C:\Users\kwon\Desktop\스마트미러 관련논문\모델검증\test\000026long.jpg,1,4,0,1.542
C:\Users\kwon\Desktop\스마트미러 관련논문\모델검증\test\000026pegg.jpg,4,4,1,2.124
C:\Users\kwon\Desktop\스마트미러 관련논문\모델검증\test\000026rdiamond.jpg,3,0,0,2.502
C:\Users\kwon\Desktop\스마트미러 관련논문\모델검증\test\000026realround.jpg,0,0,1,1.693
C:\Users\kwon\Desktop\스마트미러 관련논문\모델검증\test\000026roundangular.jpg,2,3,0,1.504
C:\Users\kwon\Desktop\스마트미러 관련논문\모델검증\test\000026slong.jpg,1,4,0,2.064
C:\Users\kwon\Desktop\스마트미러 관련논문\모델검증\test\000027along.jpg,1,4,0,1.657
C:\Users\kwon\Desktop\스마트미러 관련논문\모델검증\test\000027cegg.jpg,4,4,1,1.739
C:\Users\kwon\Desktop\스마트미러 관련논문\모델검증\test\000027diamond.jpg,3,4,0,2.378
C:\Users\kwon\Desktop\스마트미러 관련논문\모델검증\test\000027egg.jpg,4,4,1,1.670
C:\Users\kwon\Desktop\스마트미러 관련논문\모델검증\test\000027jrealround.jpg,0,3,0,1.607
C:\Users\kwon\Desktop\스마트미러 관련논문\모델검증\test\000027ldiamond.jpg,3,3,1,2.198
C:\Users\kwon\Desktop\스마트미러 관련논문\모델검증\test\000027long.jpg,1,4,0,2.755
C:\Users\kwon\Desktop\스마트미러 관련논문\모델검증\test\000027lroundangular.jpg,2,4,0,2.225
C:\Users\kwon\Desktop\스마트미러 관련논문\모델검증\test\000027pegg.jpg,4,4,1,1.967
C:\Users\kwon\Desktop\스마트미러 관련논문\모델검증\test\000027rdiamond.jpg,3,3,1,2.045
C:\Users\kwon\Desktop\스마트미러 관련논문\모델검증\test\000027realround.jpg,0,0,1,2.030
C:\Users\kwon\Desktop\스마트미러 관련논문\모델검증\test\000027roundangular.jpg,2,3,0,2.763
C:\Users\kwon\Desktop\스마트미러 관련논문\모델검증\test\000027slong.jpg,1,4,0,1.493
C:\Users\kwon\Desktop\스마트미러 관련논문\모델검증\test\000027srealround.jpg,0,0,1,2.182
C:\Users\kwon\Desktop\스마트미러 관련논문\모델검증\test\000028cegg.jpg,4,4,1,2.002
C:\Users\kwon\Desktop\스마트미러 관련논문\모델검증\test\000028diamond.jpg,3,3,1,2.007
C:\Users\kwon\Desktop\스마트미러 관련논문\모델검증\test\000028egg.jpg,4,4,1,2.244
C:\Users\kwon\Desktop\스마트미러 관련논문\모델검증\test\000028hlong.jpg,1,1,1,1.503
C:\Users\kwon\Desktop\스마트미러 관련논문\모델검증\test\000028jrealround.jpg,0,4,0,2.942
C:\Users\kwon\Desktop\스마트미러 관련논문\모델검증\test\000028ldiamond.jpg,3,3,1,2.068
C:\Users\kwon\Desktop\스마트미러 관련논문\모델검증\test\000028long.jpg,1,1,1,2.635
C:\Users\kwon\Desktop\스마트미러 관련논문\모델검증\test\000028pegg.jpg,4,4,1,1.492
C:\Users\kwon\Desktop\스마트미러 관련논문\모델검증\test\000028rdiamond.jpg,3,4,0,2.211
C:\Users\kwon\Desktop\스마트미러 관련논문\모델검증\test\000028realround.jpg,0,0,1,2.962
C:\Users\kwon\Desktop\스마트미러 관련논문\모델검증\test\000028roundangular.jpg,2,4,0,1.513
C:\Users\kwon\Desktop\스마트미러 관련논문\모델검증\test\000028slong.jpg,1,0,0,1.596
C:\Users\kwon\Desktop\스마트미러 관련논문\모델검증\test\000028srealround.jpg,0,4,0,2.024
C:\Users\kwon\Desktop\스마트미러 관련논문\모델검증\test\000029cegg.jpg,4,4,1,2.054
C:\Users\kwon\Desktop\스마트미러 관련논문\모델검증\test\000029diamond.jpg,3,3,1,1.487
C:\Users\kwon\Desktop\스마트미러 관련논문\모델검증\test\000029diamond.png,3,4,0,1.704
C:\Users\kwon\Desktop\스마트미러 관련논문\모델검증\test\000029egg.jpg,4,4,1,1.711
C:\Users\kwon\Desktop\스마트미러 관련논문\모델검증\test\000029hlong.jpg,1,0,0,1.636
C:\Users\kwon\Desktop\스마트미러 관련논문\모델검증\test\000029ldiamond.jpg,3,4,0,2.076
C:\Users\kwon\Desktop\스마트미러 관련논문\모델검증\test\000029long.jpg,1,0,0,2.364
C:\Users\kwon\Desktop\스마트미러 관련논문\모델검증\test\000029lroundangular.jpg,2,4,0,1.692
C:\Users\kwon\Desktop\스마트미러 관련논문\모델검증\test\000029pegg.jpg,4,4,1,1.530
C:\Users\kwon\Desktop\스마트미러 관련논문\모델검증\test\000029realround.jpg,0,0,1,1.981
C:\Users\kwon\Desktop\스마트미러 관련논문\모델검증\test\000029roundangular.jpg,2,0,0,1.616
C:\Users\kwon\Desktop\스마트미러 관련논문\모델검증\test\000030along.jpg,1,1,1,3.126
C:\Users\kwon\Desktop\스마트미러 관련논문\모델검증\test\000030cegg.jpg,4,4,1,1.919
C:\Users\kwon\Desktop\스마트미러 관련논문\모델검증\test\000030diamond.jpg,3,4,0,1.661
C:\Users\kwon\Desktop\스마트미러 관련논문\모델검증\test\000030egg.jpg,4,4,1,1.665
C:\Users\kwon\Desktop\스마트미러 관련논문\모델검증\test\000030ldiamond.jpg,3,4,0,1.905
C:\Users\kwon\Desktop\스마트미러 관련논문\모델검증\test\000030long.jpg,1,0,0,1.578
C:\Users\kwon\Desktop\스마트미러 관련논문\모델검증\test\000030rdiamond.jpg,3,0,0,1.536
C:\Users\kwon\Desktop\스마트미러 관련논문\모델검증\test\000030realround.jpg,0,0,1,1.932
C:\Users\kwon\Desktop\스마트미러 관련논문\모델검증\test\000030roundangular.jpg,2,0,0,1.724
C:\Users\kwon\Desktop\스마트미러 관련논문\모델검증\test\000030slong.jpg,1,1,1,1.638
C:\Users\kwon\Desktop\스마트미러 관련논문\모델검증\test\000031cegg.jpg,4,4,1,1.566
C:\Users\kwon\Desktop\스마트미러 관련논문\모델검증\test\000031diamond.jpg,3,4,0,2.603
C:\Users\kwon\Desktop\스마트미러 관련논문\모델검증\test\000031egg.jpg,4,4,1,2.047
C:\Users\kwon\Desktop\스마트미러 관련논문\모델검증\test\000031ldiamond.jpg,3,0,0,2.176
C:\Users\kwon\Desktop\스마트미러 관련논문\모델검증\test\000031long.jpg,1,0,0,2.254
C:\Users\kwon\Desktop\스마트미러 관련논문\모델검증\test\000031rdiamond.jpg,3,4,0,1.599
C:\Users\kwon\Desktop\스마트미러 관련논문\모델검증\test\000031realround.jpg,0,0,1,1.523
C:\Users\kwon\Desktop\스마트미러 관련논문\모델검증\test\000031roundangular.png,2,4,0,1.989
C:\Users\kwon\Desktop\스마트미러 관련논문\모델검증\test\000031srealround.jpg,0,0,1,1.700
C:\Users\kwon\Desktop\스마트미러 관련논문\모델검증\test\000032along.jpg,1,0,0,1.672
C:\Users\kwon\Desktop\스마트미러 관련논문\모델검증\test\000032cegg.jpg,4,4,1,1.860
C:\Users\kwon\Desktop\스마트미러 관련논문\모델검증\test\000032diamond.jpg,3,3,1,2.107
C:\Users\kwon\Desktop\스마트미러 관련논문\모델검증\test\000032egg.jpg,4,0,0,1.555
C:\Users\kwon\Desktop\스마트미러 관련논문\모델검증\test\000032ldiamond.jpg,3,4,0,2.145
C:\Users\kwon\Desktop\스마트미러 관련논문\모델검증\test\000032long.jpg,1,0,0,2.702
C:\Users\kwon\Desktop\스마트미러 관련논문\모델검증\test\000032long.png,1,4,0,1.595
C:\Users\kwon\Desktop\스마트미러 관련논문\모델검증\test\000032pegg.jpg,4,4,1,2.010
C:\Users\kwon\Desktop\스마트미러 관련논문\모델검증\test\000032rdiamond.jpg,3,4,0,1.983
C:\Users\kwon\Desktop\스마트미러 관련논문\모델검증\test\000032realround.jpg,0,4,0,2.229
C:\Users\kwon\Desktop\스마트미러 관련논문\모델검증\test\000032roundangular.jpg,2,4,0,2.164
C:\Users\kwon\Desktop\스마트미러 관련논문\모델검증\test\000032roundangular.png,2,4,0,2.196
C:\Users\kwon\Desktop\스마트미러 관련논문\모델검증\test\000032slong.jpg,1,1,1,1.970
C:\Users\kwon\Desktop\스마트미러 관련논문\모델검증\test\000033cegg.jpg,4,4,1,2.115
C:\Users\kwon\Desktop\스마트미러 관련논문\모델검증\test\000033diamond.jpg,3,3,1,1.740
C:\Users\kwon\Desktop\스마트미러 관련논문\모델검증\test\000033egg.jpg,4,4,1,1.980
C:\Users\kwon\Desktop\스마트미러 관련논문\모델검증\test\000033ldiamond.jpg,3,0,0,2.404
C:\Users\kwon\Desktop\스마트미러 관련논문\모델검증\test\000033long.jpg,1,4,0,3.122
C:\Users\kwon\Desktop\스마트미러 관련논문\모델검증\test\000033rdiamond.jpg,3,0,0,2.007
C:\Users\kwon\Desktop\스마트미러 관련논문\모델검증\test\000033slong.jpg,1,4,0,2.024
C:\Users\kwon\Desktop\스마트미러 관련논문\모델검증\test\000034along.jpg,1,1,1,2.458
C:\Users\kwon\Desktop\스마트미러 관련논문\모델검증\test\000034cegg.jpg,4,4,1,1.727
C:\Users\kwon\Desktop\스마트미러 관련논문\모델검증\test\000034diamond.jpg,3,3,1,1.885
C:\Users\kwon\Desktop\스마트미러 관련논문\모델검증\test\000034egg.jpg,4,4,1,1.703
C:\Users\kwon\Desktop\스마트미러 관련논문\모델검증\test\000034hlong.jpg,1,1,1,2.512
C:\Users\kwon\Desktop\스마트미러 관련논문\모델검증\test\000034ldiamond.jpg,3,4,0,1.608
C:\Users\kwon\Desktop\스마트미러 관련논문\모델검증\test\000034long.jpg,1,4,0,1.534
C:\Users\kwon\Desktop\스마트미러 관련논문\모델검증\test\000034pegg.jpg,4,4,1,1.705
C:\Users\kwon\Desktop\스마트미러 관련논문\모델검증\test\000034rdiamond.jpg,3,0,0,2.578
C:\Users\kwon\Desktop\스마트미러 관련논문\모델검증\test\000034realround.jpg,0,0,1,1.786
C:\Users\kwon\Desktop\스마트미러 관련논문\모델검증\test\000034roundangular.jpg,2,4,0,1.962
C:\Users\kwon\Desktop\스마트미러 관련논문\모델검증\test\000034slong.jpg,1,0,0,1.514
C:\Users\kwon\Desktop\스마트미러 관련논문\모델검증\test\000035along.jpg,1,4,0,1.651
C:\Users\kwon\Desktop\스마트미러 관련논문\모델검증\test\000035diamond.jpg,3,0,0,2.030
C:\Users\kwon\Desktop\스마트미러 관련논문\모델검증\test\000035egg.jpg,4,4,1,2.377
C:\Users\kwon\Desktop\스마트미러 관련논문\모델검증\test\000035ldiamond.jpg,3,4,0,2.144
C:\Users\kwon\Desktop\스마트미러 관련논문\모델검증\test\000035long.jpg,1,4,0,3.853
C:\Users\kwon\Desktop\스마트미러 관련논문\모델검증\test\000035rdiamond.jpg,3,0,0,2.064
C:\Users\kwon\Desktop\스마트미러 관련논문\모델검증\test\000035slong.jpg,1,1,1,2.160
C:\Users\kwon\Desktop\스마트미러 관련논문\모델검증\test\000036along.jpg,1,4,0,1.653
C:\Users\kwon\Desktop\스마트미러 관련논문\모델검증\test\000036diamond.jpg,3,4,0,1.953
C:\Users\kwon\Desktop\스마트미러 관련논문\모델검증\test\000036egg.jpg,4,4,1,2.962
C:\Users\kwon\Desktop\스마트미러 관련논문\모델검증\test\000036ldiamond.jpg,3,4,0,2.570
C:\Users\kwon\Desktop\스마트미러 관련논문\모델검증\test\000036long.jpg,1,0,0,2.000
C:\Users\kwon\Desktop\스마트미러 관련논문\모델검증\test\000036rdiamond.jpg,3,4,0,1.830
C:\Users\kwon\Desktop\스마트미러 관련논문\모델검증\test\000036roundangular.jpg,2,4,0,3.096
C:\Users\kwon\Desktop\스마트미러 관련논문\모델검증\test\000036slong.jpg,1,0,0,2.462
C:\Users\kwon\Desktop\스마트미러 관련논문\모델검증\test\000037along.jpg,1,1,1,1.907
C:\Users\kwon\Desktop\스마트미러 관련논문\모델검증\test\000037cegg.jpg,4,4,1,2.000
C:\Users\kwon\Desktop\스마트미러 관련논문\모델검증\test\000037diamond.jpg,3,4,0,2.516
C:\Users\kwon\Desktop\스마트미러 관련논문\모델검증\test\000037egg.jpg,4,4,1,1.673
C:\Users\kwon\Desktop\스마트미러 관련논문\모델검증\test\000037jrealround.jpg,0,0,1,4.546
C:\Users\kwon\Desktop\스마트미러 관련논문\모델검증\test\000037ldiamond.jpg,3,3,1,2.232
C:\Users\kwon\Desktop\스마트미러 관련논문\모델검증\test\000037long.jpg,1,4,0,1.644
C:\Users\kwon\Desktop\스마트미러 관련논문\모델검증\test\000037lroundangular.jpg,2,2,1,2.471
C:\Users\kwon\Desktop\스마트미러 관련논문\모델검증\test\000037rdiamond.jpg,3,2,0,3.851
C:\Users\kwon\Desktop\스마트미러 관련논문\모델검증\test\000037realround.jpg,0,0,1,2.125
C:\Users\kwon\Desktop\스마트미러 관련논문\모델검증\test\000037roundangular.jpg,2,2,1,2.101
C:\Users\kwon\Desktop\스마트미러 관련논문\모델검증\test\000037slong.jpg,1,4,0,1.798
C:\Users\kwon\Desktop\스마트미러 관련논문\모델검증\test\000038along.jpg,1,4,0,1.602
C:\Users\kwon\Desktop\스마트미러 관련논문\모델검증\test\000038cegg.jpg,4,4,1,1.596
C:\Users\kwon\Desktop\스마트미러 관련논문\모델검증\test\000038diamond.jpg,3,3,1,1.572
C:\Users\kwon\Desktop\스마트미러 관련논문\모델검증\test\000038egg.jpg,4,4,1,2.200
C:\Users\kwon\Desktop\스마트미러 관련논문\모델검증\test\000038ldiamond.jpg,3,3,1,1.903
C:\Users\kwon\Desktop\스마트미러 관련논문\모델검증\test\000038long.jpg,1,0,0,1.922
C:\Users\kwon\Desktop\스마트미러 관련논문\모델검증\test\000038rdiamond.jpg,3,0,0,2.394
C:\Users\kwon\Desktop\스마트미러 관련논문\모델검증\test\000038realround.jpg,0,0,1,3.992
C:\Users\kwon\Desktop\스마트미러 관련논문\모델검증\test\000038roundangular.jpg,2,0,0,1.842
C:\Users\kwon\Desktop\스마트미러 관련논문\모델검증\test\000038slong.jpg,1,4,0,1.780
C:\Users\kwon\Desktop\스마트미러 관련논문\모델검증\test\000039along.jpg,1,1,1,1.889
C:\Users\kwon\Desktop\스마트미러 관련논문\모델검증\test\000039cegg.jpg,4,4,1,1.667
C:\Users\kwon\Desktop\스마트미러 관련논문\모델검증\test\000039diamond.jpg,3,4,0,2.156
C:\Users\kwon\Desktop\스마트미러 관련논문\모델검증\test\000039diamond.png,3,1,0,2.694
C:\Users\kwon\Desktop\스마트미러 관련논문\모델검증\test\000039egg.jpg,4,0,0,2.341
C:\Users\kwon\Desktop\스마트미러 관련논문\모델검증\test\000039long.jpg,1,0,0,1.898
C:\Users\kwon\Desktop\스마트미러 관련논문\모델검증\test\000039pegg.jpg,4,4,1,1.959
C:\Users\kwon\Desktop\스마트미러 관련논문\모델검증\test\000039rdiamond.jpg,3,3,1,1.683
C:\Users\kwon\Desktop\스마트미러 관련논문\모델검증\test\000039realround.jpg,0,0,1,2.864
C:\Users\kwon\Desktop\스마트미러 관련논문\모델검증\test\000039realround.png,0,0,1,2.222
C:\Users\kwon\Desktop\스마트미러 관련논문\모델검증\test\000039roundangular.jpg,2,4,0,1.984
C:\Users\kwon\Desktop\스마트미러 관련논문\모델검증\test\000039slong.jpg,1,0,0,1.538
C:\Users\kwon\Desktop\스마트미러 관련논문\모델검증\test\000040cegg.jpg,4,3,0,1.775
C:\Users\kwon\Desktop\스마트미러 관련논문\모델검증\test\000040diamond.jpg,3,3,1,1.919
C:\Users\kwon\Desktop\스마트미러 관련논문\모델검증\test\000040egg.jpg,4,4,1,3.300
C:\Users\kwon\Desktop\스마트미러 관련논문\모델검증\test\000040jrealround.jpg,0,0,1,2.424
C:\Users\kwon\Desktop\스마트미러 관련논문\모델검증\test\000040ldiamond.jpg,3,4,0,2.006
C:\Users\kwon\Desktop\스마트미러 관련논문\모델검증\test\000040long.jpg,1,0,0,1.940
C:\Users\kwon\Desktop\스마트미러 관련논문\모델검증\test\000040pegg.jpg,4,4,1,1.835
C:\Users\kwon\Desktop\스마트미러 관련논문\모델검증\test\000040rdiamond.jpg,3,0,0,3.155
C:\Users\kwon\Desktop\스마트미러 관련논문\모델검증\test\000040realround.jpg,0,4,0,2.836
C:\Users\kwon\Desktop\스마트미러 관련논문\모델검증\test\000040roundangular.jpg,2,4,0,3.091
C:\Users\kwon\Desktop\스마트미러 관련논문\모델검증\test\000041along.jpg,1,1,1,3.750
C:\Users\kwon\Desktop\스마트미러 관련논문\모델검증\test\000041cegg.jpg,4,4,1,1.675
C:\Users\kwon\Desktop\스마트미러 관련논문\모델검증\test\000041diamond.jpg,3,0,0,1.674
C:\Users\kwon\Desktop\스마트미러 관련논문\모델검증\test\000041egg.jpg,4,4,1,1.615
C:\Users\kwon\Desktop\스마트미러 관련논문\모델검증\test\000041jrealround.jpg,0,0,1,1.693
C:\Users\kwon\Desktop\스마트미러 관련논문\모델검증\test\000041ldiamond.jpg,3,4,0,1.670
C:\Users\kwon\Desktop\스마트미러 관련논문\모델검증\test\000041long.jpg,1,1,1,1.844
C:\Users\kwon\Desktop\스마트미러 관련논문\모델검증\test\000041lroundangular.jpg,2,4,0,1.728
C:\Users\kwon\Desktop\스마트미러 관련논문\모델검증\test\000041rdiamond.jpg,3,0,0,1.728
C:\Users\kwon\Desktop\스마트미러 관련논문\모델검증\test\000041realround.jpg,0,3,0,3.590
C:\Users\kwon\Desktop\스마트미러 관련논문\모델검증\test\000041roundangular.jpg,2,0,0,1.787
C:\Users\kwon\Desktop\스마트미러 관련논문\모델검증\test\000042along.jpg,1,0,0,1.765
C:\Users\kwon\Desktop\스마트미러 관련논문\모델검증\test\000042cegg.jpg,4,4,1,1.594
C:\Users\kwon\Desktop\스마트미러 관련논문\모델검증\test\000042diamond.jpg,3,4,0,1.624
C:\Users\kwon\Desktop\스마트미러 관련논문\모델검증\test\000042egg.jpg,4,4,1,3.781
C:\Users\kwon\Desktop\스마트미러 관련논문\모델검증\test\000042ldiamond.jpg,3,4,0,4.254
C:\Users\kwon\Desktop\스마트미러 관련논문\모델검증\test\000042long.jpg,1,3,0,1.761
C:\Users\kwon\Desktop\스마트미러 관련논문\모델검증\test\000042pegg.jpg,4,0,0,1.673
C:\Users\kwon\Desktop\스마트미러 관련논문\모델검증\test\000042rdiamond.jpg,3,3,1,1.771
C:\Users\kwon\Desktop\스마트미러 관련논문\모델검증\test\000042realround.jpg,0,0,1,3.748
C:\Users\kwon\Desktop\스마트미러 관련논문\모델검증\test\000042slong.jpg,1,1,1,2.248
C:\Users\kwon\Desktop\스마트미러 관련논문\모델검증\test\000043cegg.jpg,4,4,1,1.653
C:\Users\kwon\Desktop\스마트미러 관련논문\모델검증\test\000043diamond.jpg,3,0,0,3.577
C:\Users\kwon\Desktop\스마트미러 관련논문\모델검증\test\000043egg.jpg,4,4,1,3.429
C:\Users\kwon\Desktop\스마트미러 관련논문\모델검증\test\000043ldiamond.jpg,3,0,0,2.370
C:\Users\kwon\Desktop\스마트미러 관련논문\모델검증\test\000043long.jpg,1,0,0,1.505
C:\Users\kwon\Desktop\스마트미러 관련논문\모델검증\test\000043long.png,1,0,0,1.538
C:\Users\kwon\Desktop\스마트미러 관련논문\모델검증\test\000043pegg.jpg,4,4,1,3.569
C:\Users\kwon\Desktop\스마트미러 관련논문\모델검증\test\000043rdiamond.jpg,3,3,1,1.940
C:\Users\kwon\Desktop\스마트미러 관련논문\모델검증\test\000043realround.jpg,0,0,1,1.791
C:\Users\kwon\Desktop\스마트미러 관련논문\모델검증\test\000043roundangular.jpg,2,2,1,2.986
C:\Users\kwon\Desktop\스마트미러 관련논문\모델검증\test\000043slong.jpg,1,4,0,1.945
C:\Users\kwon\Desktop\스마트미러 관련논문\모델검증\test\000043srealround.jpg,0,0,1,1.639
C:\Users\kwon\Desktop\스마트미러 관련논문\모델검증\test\000044diamond.jpg,3,4,0,1.701
C:\Users\kwon\Desktop\스마트미러 관련논문\모델검증\test\000044egg.jpg,4,4,1,1.795
C:\Users\kwon\Desktop\스마트미러 관련논문\모델검증\test\000044jrealround.jpg,0,4,0,2.399
C:\Users\kwon\Desktop\스마트미러 관련논문\모델검증\test\000044ldiamond.jpg,3,4,0,2.080
C:\Users\kwon\Desktop\스마트미러 관련논문\모델검증\test\000044long.jpg,1,4,0,1.668
C:\Users\kwon\Desktop\스마트미러 관련논문\모델검증\test\000044lroundangular.jpg,2,2,1,1.759
C:\Users\kwon\Desktop\스마트미러 관련논문\모델검증\test\000044rdiamond.jpg,3,3,1,1.932
C:\Users\kwon\Desktop\스마트미러 관련논문\모델검증\test\000044realround.jpg,0,4,0,4.150
C:\Users\kwon\Desktop\스마트미러 관련논문\모델검증\test\000044roundangular.jpg,2,4,0,1.592
C:\Users\kwon\Desktop\스마트미러 관련논문\모델검증\test\000044slong.jpg,1,4,0,1.666
C:\Users\kwon\Desktop\스마트미러 관련논문\모델검증\test\000045diamond.jpg,3,3,1,1.569
C:\Users\kwon\Desktop\스마트미러 관련논문\모델검증\test\000045egg.jpg,4,4,1,1.967
C:\Users\kwon\Desktop\스마트미러 관련논문\모델검증\test\000045ldiamond.jpg,3,4,0,2.052
C:\Users\kwon\Desktop\스마트미러 관련논문\모델검증\test\000045long.jpg,1,4,0,1.976
C:\Users\kwon\Desktop\스마트미러 관련논문\모델검증\test\000045rdiamond.jpg,3,3,1,1.643
C:\Users\kwon\Desktop\스마트미러 관련논문\모델검증\test\000045realround.jpg,0,0,1,1.471
C:\Users\kwon\Desktop\스마트미러 관련논문\모델검증\test\000045roundangular.jpg,2,2,1,1.632
C:\Users\kwon\Desktop\스마트미러 관련논문\모델검증\test\000045slong.jpg,1,4,0,1.729
C:\Users\kwon\Desktop\스마트미러 관련논문\모델검증\test\000046cegg.jpg,4,4,1,3.402
C:\Users\kwon\Desktop\스마트미러 관련논문\모델검증\test\000046diamond.jpg,3,4,0,1.831
C:\Users\kwon\Desktop\스마트미러 관련논문\모델검증\test\000046egg.jpg,4,4,1,2.593
C:\Users\kwon\Desktop\스마트미러 관련논문\모델검증\test\000046ldiamond.jpg,3,4,0,1.556
C:\Users\kwon\Desktop\스마트미러 관련논문\모델검증\test\000046long.jpg,1,1,1,2.658
C:\Users\kwon\Desktop\스마트미러 관련논문\모델검증\test\000046lroundangular.jpg,2,2,1,1.612
C:\Users\kwon\Desktop\스마트미러 관련논문\모델검증\test\000046rdiamond.jpg,3,4,0,1.718
C:\Users\kwon\Desktop\스마트미러 관련논문\모델검증\test\000046realround.png,0,0,1,1.646
C:\Users\kwon\Desktop\스마트미러 관련논문\모델검증\test\000046roundangular.jpg,2,4,0,3.248
C:\Users\kwon\Desktop\스마트미러 관련논문\모델검증\test\000046slong.jpg,1,1,1,2.585
C:\Users\kwon\Desktop\스마트미러 관련논문\모델검증\test\000047cegg.jpg,4,0,0,3.530
C:\Users\kwon\Desktop\스마트미러 관련논문\모델검증\test\000047diamond.jpg,3,4,0,2.706
C:\Users\kwon\Desktop\스마트미러 관련논문\모델검증\test\000047egg.jpg,4,4,1,1.974
C:\Users\kwon\Desktop\스마트미러 관련논문\모델검증\test\000047ldiamond.jpg,3,4,0,1.520
C:\Users\kwon\Desktop\스마트미러 관련논문\모델검증\test\000047lroundangular.jpg,2,4,0,3.425
C:\Users\kwon\Desktop\스마트미러 관련논문\모델검증\test\000047pegg.jpg,4,4,1,1.947
C:\Users\kwon\Desktop\스마트미러 관련논문\모델검증\test\000047rdiamond.jpg,3,3,1,4.027
C:\Users\kwon\Desktop\스마트미러 관련논문\모델검증\test\000047realround.jpg,0,3,0,3.661
C:\Users\kwon\Desktop\스마트미러 관련논문\모델검증\test\000047roundangular.jpg,2,4,0,3.816
C:\Users\kwon\Desktop\스마트미러 관련논문\모델검증\test\000048cegg.jpg,4,4,1,1.589
C:\Users\kwon\Desktop\스마트미러 관련논문\모델검증\test\000048diamond.jpg,3,4,0,2.306
C:\Users\kwon\Desktop\스마트미러 관련논문\모델검증\test\000048diamond.png,3,3,1,2.065
C:\Users\kwon\Desktop\스마트미러 관련논문\모델검증\test\000048egg.jpg,4,4,1,2.936
C:\Users\kwon\Desktop\스마트미러 관련논문\모델검증\test\000048long.jpg,1,0,0,4.890
C:\Users\kwon\Desktop\스마트미러 관련논문\모델검증\test\000048pegg.jpg,4,4,1,1.833
C:\Users\kwon\Desktop\스마트미러 관련논문\모델검증\test\000048rdiamond.jpg,3,1,0,2.133
C:\Users\kwon\Desktop\스마트미러 관련논문\모델검증\test\000048realround.png,0,0,1,3.641
C:\Users\kwon\Desktop\스마트미러 관련논문\모델검증\test\000048roundangular.jpg,2,4,0,1.458
C:\Users\kwon\Desktop\스마트미러 관련논문\모델검증\test\000049cegg.jpg,4,4,1,2.169
C:\Users\kwon\Desktop\스마트미러 관련논문\모델검증\test\000049diamond.jpg,3,4,0,3.398
C:\Users\kwon\Desktop\스마트미러 관련논문\모델검증\test\000049egg.jpg,4,4,1,1.450
C:\Users\kwon\Desktop\스마트미러 관련논문\모델검증\test\000049ldiamond.jpg,3,3,1,4.311
C:\Users\kwon\Desktop\스마트미러 관련논문\모델검증\test\000049pegg.jpg,4,4,1,1.893
C:\Users\kwon\Desktop\스마트미러 관련논문\모델검증\test\000049rdiamond.jpg,3,4,0,1.630
C:\Users\kwon\Desktop\스마트미러 관련논문\모델검증\test\000049realround.jpg,0,0,1,3.644
C:\Users\kwon\Desktop\스마트미러 관련논문\모델검증\test\000049roundangular.jpg,2,4,0,1.910
C:\Users\kwon\Desktop\스마트미러 관련논문\모델검증\test\000050along.jpg,1,4,0,2.190
C:\Users\kwon\Desktop\스마트미러 관련논문\모델검증\test\000050cegg.jpg,4,4,1,1.575
C:\Users\kwon\Desktop\스마트미러 관련논문\모델검증\test\000050diamond.jpg,3,3,1,3.707
C:\Users\kwon\Desktop\스마트미러 관련논문\모델검증\test\000050egg.jpg,4,4,1,1.706
C:\Users\kwon\Desktop\스마트미러 관련논문\모델검증\test\000050jrealround.jpg,0,1,0,1.662
C:\Users\kwon\Desktop\스마트미러 관련논문\모델검증\test\000050ldiamond.jpg,3,4,0,2.320
C:\Users\kwon\Desktop\스마트미러 관련논문\모델검증\test\000050long.jpg,1,4,0,1.747
C:\Users\kwon\Desktop\스마트미러 관련논문\모델검증\test\000050pegg.jpg,4,4,1,3.466
C:\Users\kwon\Desktop\스마트미러 관련논문\모델검증\test\000050rdiamond.jpg,3,4,0,1.858
C:\Users\kwon\Desktop\스마트미러 관련논문\모델검증\test\000050realround.jpg,0,4,0,3.435
C:\Users\kwon\Desktop\스마트미러 관련논문\모델검증\test\000050roundangular.jpg,2,0,0,1.991
C:\Users\kwon\Desktop\스마트미러 관련논문\모델검증\test\000050slong.jpg,1,4,0,1.557
C:\Users\kwon\Desktop\스마트미러 관련논문\모델검증\test\000051cegg.jpg,4,4,1,1.826
C:\Users\kwon\Desktop\스마트미러 관련논문\모델검증\test\000051diamond.jpg,3,2,0,3.407
C:\Users\kwon\Desktop\스마트미러 관련논문\모델검증\test\000051egg.jpg,4,4,1,1.606
C:\Users\kwon\Desktop\스마트미러 관련논문\모델검증\test\000051ldiamond.jpg,3,4,0,1.885
C:\Users\kwon\Desktop\스마트미러 관련논문\모델검증\test\000051long.png,1,1,1,1.480
C:\Users\kwon\Desktop\스마트미러 관련논문\모델검증\test\000051lroundangular.jpg,2,0,0,4.782
C:\Users\kwon\Desktop\스마트미러 관련논문\모델검증\test\000051rdiamond.jpg,3,0,0,2.102
C:\Users\kwon\Desktop\스마트미러 관련논문\모델검증\test\000051realround.jpg,0,0,1,1.510
C:\Users\kwon\Desktop\스마트미러 관련논문\모델검증\test\000051roundangular.jpg,2,4,0,1.571
C:\Users\kwon\Desktop\스마트미러 관련논문\모델검증\test\000052along.jpg,1,4,0,4.087
C:\Users\kwon\Desktop\스마트미러 관련논문\모델검증\test\000052diamond.jpg,3,4,0,3.406
C:\Users\kwon\Desktop\스마트미러 관련논문\모델검증\test\000052jrealround.jpg,0,4,0,1.555
C:\Users\kwon\Desktop\스마트미러 관련논문\모델검증\test\000052ldiamond.jpg,3,4,0,1.488
C:\Users\kwon\Desktop\스마트미러 관련논문\모델검증\test\000052long.jpg,1,0,0,1.813
C:\Users\kwon\Desktop\스마트미러 관련논문\모델검증\test\000052rdiamond.jpg,3,3,1,2.117
C:\Users\kwon\Desktop\스마트미러 관련논문\모델검증\test\000052realround.jpg,0,4,0,1.734
C:\Users\kwon\Desktop\스마트미러 관련논문\모델검증\test\000052roundangular.jpg,2,3,0,1.686
C:\Users\kwon\Desktop\스마트미러 관련논문\모델검증\test\000052slong.jpg,1,4,0,1.712
C:\Users\kwon\Desktop\스마트미러 관련논문\모델검증\test\000053along.jpg,1,4,0,1.514
C:\Users\kwon\Desktop\스마트미러 관련논문\모델검증\test\000053cegg.jpg,4,0,0,1.476
C:\Users\kwon\Desktop\스마트미러 관련논문\모델검증\test\000053diamond.jpg,3,3,1,3.512
C:\Users\kwon\Desktop\스마트미러 관련논문\모델검증\test\000053egg.jpg,4,4,1,2.452
C:\Users\kwon\Desktop\스마트미러 관련논문\모델검증\test\000053ldiamond.jpg,3,0,0,1.589
C:\Users\kwon\Desktop\스마트미러 관련논문\모델검증\test\000053long.jpg,1,4,0,1.576
C:\Users\kwon\Desktop\스마트미러 관련논문\모델검증\test\000053pegg.jpg,4,4,1,3.488
C:\Users\kwon\Desktop\스마트미러 관련논문\모델검증\test\000053rdiamond.jpg,3,3,1,1.516
C:\Users\kwon\Desktop\스마트미러 관련논문\모델검증\test\000053realround.jpg,0,0,1,1.556
C:\Users\kwon\Desktop\스마트미러 관련논문\모델검증\test\000053roundangular.jpg,2,4,0,1.491
C:\Users\kwon\Desktop\스마트미러 관련논문\모델검증\test\000053slong.jpg,1,4,0,1.564
C:\Users\kwon\Desktop\스마트미러 관련논문\모델검증\test\000054along.jpg,1,1,1,3.667
C:\Users\kwon\Desktop\스마트미러 관련논문\모델검증\test\000054cegg.jpg,4,4,1,3.136
C:\Users\kwon\Desktop\스마트미러 관련논문\모델검증\test\000054diamond.jpg,3,1,0,3.128
C:\Users\kwon\Desktop\스마트미러 관련논문\모델검증\test\000054egg.jpg,4,4,1,1.656
C:\Users\kwon\Desktop\스마트미러 관련논문\모델검증\test\000054ldiamond.jpg,3,1,0,1.464
C:\Users\kwon\Desktop\스마트미러 관련논문\모델검증\test\000054long.jpg,1,4,0,3.546
C:\Users\kwon\Desktop\스마트미러 관련논문\모델검증\test\000054rdiamond.jpg,3,3,1,2.101
C:\Users\kwon\Desktop\스마트미러 관련논문\모델검증\test\000054realround.jpg,0,4,0,1.566
C:\Users\kwon\Desktop\스마트미러 관련논문\모델검증\test\000054slong.jpg,1,4,0,1.739
C:\Users\kwon\Desktop\스마트미러 관련논문\모델검증\test\000055along.jpg,1,1,1,1.709
C:\Users\kwon\Desktop\스마트미러 관련논문\모델검증\test\000055diamond.jpg,3,4,0,1.959
C:\Users\kwon\Desktop\스마트미러 관련논문\모델검증\test\000055egg.jpg,4,4,1,1.490
C:\Users\kwon\Desktop\스마트미러 관련논문\모델검증\test\000055ldiamond.jpg,3,4,0,1.497
C:\Users\kwon\Desktop\스마트미러 관련논문\모델검증\test\000055long.jpg,1,0,0,3.404
C:\Users\kwon\Desktop\스마트미러 관련논문\모델검증\test\000055rdiamond.jpg,3,3,1,1.585
C:\Users\kwon\Desktop\스마트미러 관련논문\모델검증\test\000055realround.jpg,0,0,1,1.582
C:\Users\kwon\Desktop\스마트미러 관련논문\모델검증\test\000055slong.jpg,1,4,0,1.827
C:\Users\kwon\Desktop\스마트미러 관련논문\모델검증\test\000055srealround.jpg,0,1,0,1.653
C:\Users\kwon\Desktop\스마트미러 관련논문\모델검증\test\000056along.jpg,1,1,1,1.517
C:\Users\kwon\Desktop\스마트미러 관련논문\모델검증\test\000056diamond.jpg,3,3,1,4.460
C:\Users\kwon\Desktop\스마트미러 관련논문\모델검증\test\000056egg.jpg,4,4,1,3.098
C:\Users\kwon\Desktop\스마트미러 관련논문\모델검증\test\000056ldiamond.jpg,3,3,1,1.564
C:\Users\kwon\Desktop\스마트미러 관련논문\모델검증\test\000056long.jpg,1,4,0,1.450
C:\Users\kwon\Desktop\스마트미러 관련논문\모델검증\test\000056rdiamond.jpg,3,0,0,1.397
C:\Users\kwon\Desktop\스마트미러 관련논문\모델검증\test\000056roundangular.jpg,2,4,0,3.039
C:\Users\kwon\Desktop\스마트미러 관련논문\모델검증\test\000057cegg.jpg,4,4,1,1.669
C:\Users\kwon\Desktop\스마트미러 관련논문\모델검증\test\000057diamond.jpg,3,4,0,1.827
C:\Users\kwon\Desktop\스마트미러 관련논문\모델검증\test\000057diamond.png,3,0,0,1.635
C:\Users\kwon\Desktop\스마트미러 관련논문\모델검증\test\000057egg.jpg,4,4,1,1.601
C:\Users\kwon\Desktop\스마트미러 관련논문\모델검증\test\000057ldiamond.jpg,3,4,0,1.551
C:\Users\kwon\Desktop\스마트미러 관련논문\모델검증\test\000057long.jpg,1,1,1,4.486
C:\Users\kwon\Desktop\스마트미러 관련논문\모델검증\test\000057long.png,1,1,1,1.676
C:\Users\kwon\Desktop\스마트미러 관련논문\모델검증\test\000057lroundangular.jpg,2,4,0,3.412
C:\Users\kwon\Desktop\스마트미러 관련논문\모델검증\test\000057roundangular.jpg,2,2,1,1.643
C:\Users\kwon\Desktop\스마트미러 관련논문\모델검증\test\000058cegg.jpg,4,4,1,4.038
C:\Users\kwon\Desktop\스마트미러 관련논문\모델검증\test\000058diamond.jpg,3,4,0,1.452
C:\Users\kwon\Desktop\스마트미러 관련논문\모델검증\test\000058egg.jpg,4,4,1,3.422
C:\Users\kwon\Desktop\스마트미러 관련논문\모델검증\test\000058ldiamond.jpg,3,3,1,2.909
C:\Users\kwon\Desktop\스마트미러 관련논문\모델검증\test\000058rdiamond.jpg,3,0,0,1.824
C:\Users\kwon\Desktop\스마트미러 관련논문\모델검증\test\000058roundangular.jpg,2,0,0,3.447
C:\Users\kwon\Desktop\스마트미러 관련논문\모델검증\test\000059diamond.jpg,3,3,1,1.472
C:\Users\kwon\Desktop\스마트미러 관련논문\모델검증\test\000059diamond.png,3,3,1,1.990
C:\Users\kwon\Desktop\스마트미러 관련논문\모델검증\test\000059egg.jpg,4,4,1,1.631
C:\Users\kwon\Desktop\스마트미러 관련논문\모델검증\test\000059ldiamond.jpg,3,4,0,1.778
C:\Users\kwon\Desktop\스마트미러 관련논문\모델검증\test\000059long.jpg,1,1,1,4.733
C:\Users\kwon\Desktop\스마트미러 관련논문\모델검증\test\000059roundangular.jpg,2,2,1,1.770
C:\Users\kwon\Desktop\스마트미러 관련논문\모델검증\test\000059slong.jpg,1,1,1,1.506
C:\Users\kwon\Desktop\스마트미러 관련논문\모델검증\test\000060diamond.jpg,3,0,0,1.714
C:\Users\kwon\Desktop\스마트미러 관련논문\모델검증\test\000060diamond.png,3,4,0,3.483
C:\Users\kwon\Desktop\스마트미러 관련논문\모델검증\test\000060long.jpg,1,4,0,1.682
C:\Users\kwon\Desktop\스마트미러 관련논문\모델검증\test\000060rdiamond.jpg,3,0,0,2.435
C:\Users\kwon\Desktop\스마트미러 관련논문\모델검증\test\000060roundangular.jpg,2,4,0,1.704
C:\Users\kwon\Desktop\스마트미러 관련논문\모델검증\test\000060slong.jpg,1,0,0,1.915
C:\Users\kwon\Desktop\스마트미러 관련논문\모델검증\test\000061diamond.jpg,3,4,0,1.558
C:\Users\kwon\Desktop\스마트미러 관련논문\모델검증\test\000061egg.jpg,4,4,1,3.477
C:\Users\kwon\Desktop\스마트미러 관련논문\모델검증\test\000061ldiamond.jpg,3,4,0,1.450
C:\Users\kwon\Desktop\스마트미러 관련논문\모델검증\test\000061long.jpg,1,4,0,1.517
C:\Users\kwon\Desktop\스마트미러 관련논문\모델검증\test\000061rdiamond.jpg,3,4,0,1.813
C:\Users\kwon\Desktop\스마트미러 관련논문\모델검증\test\000061realround.jpg,0,4,0,1.534
C:\Users\kwon\Desktop\스마트미러 관련논문\모델검증\test\000061roundangular.jpg,2,0,0,1.575
C:\Users\kwon\Desktop\스마트미러 관련논문\모델검증\test\000062diamond.jpg,3,3,1,1.525
C:\Users\kwon\Desktop\스마트미러 관련논문\모델검증\test\000062egg.jpg,4,4,1,1.480
C:\Users\kwon\Desktop\스마트미러 관련논문\모델검증\test\000062ldiamond.jpg,3,3,1,3.431
C:\Users\kwon\Desktop\스마트미러 관련논문\모델검증\test\000062long.jpg,1,4,0,1.600
C:\Users\kwon\Desktop\스마트미러 관련논문\모델검증\test\000062realround.jpg,0,0,1,1.504
C:\Users\kwon\Desktop\스마트미러 관련논문\모델검증\test\000062roundangular.jpg,2,3,0,1.630
C:\Users\kwon\Desktop\스마트미러 관련논문\모델검증\test\000063along.jpg,1,0,0,3.243
C:\Users\kwon\Desktop\스마트미러 관련논문\모델검증\test\000063diamond.jpg,3,0,0,3.313
C:\Users\kwon\Desktop\스마트미러 관련논문\모델검증\test\000063egg.jpg,4,4,1,4.007
C:\Users\kwon\Desktop\스마트미러 관련논문\모델검증\test\000063ldiamond.jpg,3,0,0,1.589
C:\Users\kwon\Desktop\스마트미러 관련논문\모델검증\test\000063long.jpg,1,0,0,2.275
C:\Users\kwon\Desktop\스마트미러 관련논문\모델검증\test\000063realround.jpg,0,0,1,3.882
C:\Users\kwon\Desktop\스마트미러 관련논문\모델검증\test\000064diamond.jpg,3,1,0,1.692
C:\Users\kwon\Desktop\스마트미러 관련논문\모델검증\test\000064egg.jpg,4,4,1,1.759
C:\Users\kwon\Desktop\스마트미러 관련논문\모델검증\test\000064ldiamond.jpg,3,4,0,1.881
C:\Users\kwon\Desktop\스마트미러 관련논문\모델검증\test\000064long.jpg,1,0,0,1.676
C:\Users\kwon\Desktop\스마트미러 관련논문\모델검증\test\000064realround.jpg,0,4,0,1.663
C:\Users\kwon\Desktop\스마트미러 관련논문\모델검증\test\000064roundangular.jpg,2,1,0,1.678
C:\Users\kwon\Desktop\스마트미러 관련논문\모델검증\test\000065diamond.jpg,3,2,0,3.800
C:\Users\kwon\Desktop\스마트미러 관련논문\모델검증\test\000065ldiamond.jpg,3,4,0,1.624
C:\Users\kwon\Desktop\스마트미러 관련논문\모델검증\test\000065long.jpg,1,4,0,1.893
C:\Users\kwon\Desktop\스마트미러 관련논문\모델검증\test\000065lroundangular.jpg,2,4,0,4.777
C:\Users\kwon\Desktop\스마트미러 관련논문\모델검증\test\000065roundangular.jpg,2,4,0,5.372
C:\Users\kwon\Desktop\스마트미러 관련논문\모델검증\test\000066along.jpg,1,4,0,4.434
C:\Users\kwon\Desktop\스마트미러 관련논문\모델검증\test\000066diamond.jpg,3,3,1,4.156
C:\Users\kwon\Desktop\스마트미러 관련논문\모델검증\test\000066egg.jpg,4,4,1,4.062
C:\Users\kwon\Desktop\스마트미러 관련논문\모델검증\test\000066long.jpg,1,4,0,3.310
C:\Users\kwon\Desktop\스마트미러 관련논문\모델검증\test\000066realround.jpg,0,0,1,3.885
C:\Users\kwon\Desktop\스마트미러 관련논문\모델검증\test\000067diamond.jpg,3,0,0,3.948
C:\Users\kwon\Desktop\스마트미러 관련논문\모델검증\test\000067long.jpg,1,1,1,3.963
C:\Users\kwon\Desktop\스마트미러 관련논문\모델검증\test\000067roundangular.jpg,2,2,1,3.916
C:\Users\kwon\Desktop\스마트미러 관련논문\모델검증\test\000068diamond.jpg,3,3,1,5.887
C:\Users\kwon\Desktop\스마트미러 관련논문\모델검증\test\000068egg.jpg,4,4,1,5.339
C:\Users\kwon\Desktop\스마트미러 관련논문\모델검증\test\000068realround.jpg,0,4,0,4.552
C:\Users\kwon\Desktop\스마트미러 관련논문\모델검증\test\000069diamond.jpg,3,3,1,4.080
C:\Users\kwon\Desktop\스마트미러 관련논문\모델검증\test\000069long.jpg,1,1,1,3.873
C:\Users\kwon\Desktop\스마트미러 관련논문\모델검증\test\000069realround.jpg,0,0,1,3.925
C:\Users\kwon\Desktop\스마트미러 관련논문\모델검증\test\000070diamond.jpg,3,3,1,4.224
C:\Users\kwon\Desktop\스마트미러 관련논문\모델검증\test\000070egg.jpg,4,4,1,3.486
C:\Users\kwon\Desktop\스마트미러 관련논문\모델검증\test\000070long.jpg,1,4,0,4.337
C:\Users\kwon\Desktop\스마트미러 관련논문\모델검증\test\000070roundangular.jpg,2,4,0,6.479
C:\Users\kwon\Desktop\스마트미러 관련논문\모델검증\test\000071diamond.jpg,3,3,1,4.250
C:\Users\kwon\Desktop\스마트미러 관련논문\모델검증\test\000071egg.jpg,4,4,1,2.105
C:\Users\kwon\Desktop\스마트미러 관련논문\모델검증\test\000071roundangular.jpg,2,2,1,1.977
C:\Users\kwon\Desktop\스마트미러 관련논문\모델검증\test\000072diamond.jpg,3,3,1,3.693
C:\Users\kwon\Desktop\스마트미러 관련논문\모델검증\test\000072egg.jpg,4,4,1,5.615
C:\Users\kwon\Desktop\스마트미러 관련논문\모델검증\test\000072lroundangular.jpg,2,4,0,1.814
C:\Users\kwon\Desktop\스마트미러 관련논문\모델검증\test\000072roundangular.jpg,2,2,1,4.143
C:\Users\kwon\Desktop\스마트미러 관련논문\모델검증\test\000073diamond.jpg,3,3,1,4.170
C:\Users\kwon\Desktop\스마트미러 관련논문\모델검증\test\000073egg.jpg,4,4,1,4.378
C:\Users\kwon\Desktop\스마트미러 관련논문\모델검증\test\000074diamond.jpg,3,3,1,5.752
C:\Users\kwon\Desktop\스마트미러 관련논문\모델검증\test\000074realround.jpg,0,0,1,5.590
C:\Users\kwon\Desktop\스마트미러 관련논문\모델검증\test\000074roundangular.jpg,2,4,0,2.294
C:\Users\kwon\Desktop\스마트미러 관련논문\모델검증\test\000075diamond.jpg,3,2,0,4.596
C:\Users\kwon\Desktop\스마트미러 관련논문\모델검증\test\000075egg.jpg,4,4,1,6.312
C:\Users\kwon\Desktop\스마트미러 관련논문\모델검증\test\000076diamond.jpg,3,3,1,5.953
C:\Users\kwon\Desktop\스마트미러 관련논문\모델검증\test\000077diamond.jpg,3,4,0,5.948
C:\Users\kwon\Desktop\스마트미러 관련논문\모델검증\test\000078diamond.jpg,3,2,0,6.312
C:\Users\kwon\Desktop\스마트미러 관련논문\모델검증\test\000078roundangular.jpg,2,1,0,6.680
C:\Users\kwon\Desktop\스마트미러 관련논문\모델검증\test\000079diamond.jpg,3,3,1,5.043
C:\Users\kwon\Desktop\스마트미러 관련논문\모델검증\test\000080diamond.jpg,3,1,0,6.343
C:\Users\kwon\Desktop\스마트미러 관련논문\모델검증\test\000081diamond.jpg,3,3,1,9.355
C:\Users\kwon\Desktop\스마트미러 관련논문\모델검증\test\000082diamond.jpg,3,3,1,8.453
C:\Users\kwon\Desktop\스마트미러 관련논문\모델검증\test\000083roundangular.jpg,2,0,0,2.776
C:\Users\kwon\Desktop\스마트미러 관련논문\모델검증\test\100realround.png,0,0,1,2.988
C:\Users\kwon\Desktop\스마트미러 관련논문\모델검증\test\101realround.png,0,0,1,2.932
C:\Users\kwon\Desktop\스마트미러 관련논문\모델검증\test\102realround.png,0,4,0,3.974
C:\Users\kwon\Desktop\스마트미러 관련논문\모델검증\test\103realround.png,0,4,0,2.742
C:\Users\kwon\Desktop\스마트미러 관련논문\모델검증\test\104realround.png,0,0,1,3.022
C:\Users\kwon\Desktop\스마트미러 관련논문\모델검증\test\105realround.png,0,4,0,5.744
C:\Users\kwon\Desktop\스마트미러 관련논문\모델검증\test\106realround.png,0,4,0,5.998
C:\Users\kwon\Desktop\스마트미러 관련논문\모델검증\test\107realround.png,0,3,0,2.326
C:\Users\kwon\Desktop\스마트미러 관련논문\모델검증\test\108realround.png,0,4,0,2.964
C:\Users\kwon\Desktop\스마트미러 관련논문\모델검증\test\109realround.png,0,0,1,3.943
C:\Users\kwon\Desktop\스마트미러 관련논문\모델검증\test\110realround.png,0,4,0,6.957
C:\Users\kwon\Desktop\스마트미러 관련논문\모델검증\test\111realround.png,0,0,1,5.281
C:\Users\kwon\Desktop\스마트미러 관련논문\모델검증\test\112realround.png,0,0,1,2.949
C:\Users\kwon\Desktop\스마트미러 관련논문\모델검증\test\113realround.png,0,0,1,3.398
C:\Users\kwon\Desktop\스마트미러 관련논문\모델검증\test\114realround.png,0,0,1,2.959
C:\Users\kwon\Desktop\스마트미러 관련논문\모델검증\test\115realround.png,0,4,0,2.918
C:\Users\kwon\Desktop\스마트미러 관련논문\모델검증\test\116realround.png,0,0,1,3.005
C:\Users\kwon\Desktop\스마트미러 관련논문\모델검증\test\117realround.png,0,0,1,2.332
C:\Users\kwon\Desktop\스마트미러 관련논문\모델검증\test\118realround.png,0,0,1,5.822
C:\Users\kwon\Desktop\스마트미러 관련논문\모델검증\test\119realround.png,0,4,0,5.443
C:\Users\kwon\Desktop\스마트미러 관련논문\모델검증\test\120realround.png,0,0,1,3.071
C:\Users\kwon\Desktop\스마트미러 관련논문\모델검증\test\121realround.png,0,4,0,2.644
C:\Users\kwon\Desktop\스마트미러 관련논문\모델검증\test\122realround.png,0,4,0,4.965
C:\Users\kwon\Desktop\스마트미러 관련논문\모델검증\test\123realround.png,0,1,0,3.089
C:\Users\kwon\Desktop\스마트미러 관련논문\모델검증\test\124realround.png,0,4,0,2.344
C:\Users\kwon\Desktop\스마트미러 관련논문\모델검증\test\125realround.png,0,4,0,4.091
C:\Users\kwon\Desktop\스마트미러 관련논문\모델검증\test\126realround.png,0,0,1,6.020
C:\Users\kwon\Desktop\스마트미러 관련논문\모델검증\test\127realround.png,0,4,0,4.444
C:\Users\kwon\Desktop\스마트미러 관련논문\모델검증\test\128realround.png,0,4,0,3.050
C:\Users\kwon\Desktop\스마트미러 관련논문\모델검증\test\129realround.png,0,0,1,5.472
C:\Users\kwon\Desktop\스마트미러 관련논문\모델검증\test\130realround.png,0,0,1,5.773
C:\Users\kwon\Desktop\스마트미러 관련논문\모델검증\test\131realround.png,0,0,1,5.458
C:\Users\kwon\Desktop\스마트미러 관련논문\모델검증\test\132realround.png,0,4,0,5.921
C:\Users\kwon\Desktop\스마트미러 관련논문\모델검증\test\133realround.png,0,4,0,5.832
C:\Users\kwon\Desktop\스마트미러 관련논문\모델검증\test\134realround.png,0,0,1,1.970
C:\Users\kwon\Desktop\스마트미러 관련논문\모델검증\test\135realround.png,0,4,0,2.562
C:\Users\kwon\Desktop\스마트미러 관련논문\모델검증\test\136realround.png,0,0,1,2.905
C:\Users\kwon\Desktop\스마트미러 관련논문\모델검증\test\137realround.png,0,0,1,2.258
C:\Users\kwon\Desktop\스마트미러 관련논문\모델검증\test\138realround.png,0,4,0,3.688
C:\Users\kwon\Desktop\스마트미러 관련논문\모델검증\test\139realround.png,0,4,0,1.997
C:\Users\kwon\Desktop\스마트미러 관련논문\모델검증\test\140realround.png,0,4,0,5.112
C:\Users\kwon\Desktop\스마트미러 관련논문\모델검증\test\141realround.png,0,0,1,2.994
C:\Users\kwon\Desktop\스마트미러 관련논문\모델검증\test\142realround.png,0,4,0,4.514
C:\Users\kwon\Desktop\스마트미러 관련논문\모델검증\test\143realround.png,0,4,0,2.343
C:\Users\kwon\Desktop\스마트미러 관련논문\모델검증\test\144realround.png,0,1,0,3.171
C:\Users\kwon\Desktop\스마트미러 관련논문\모델검증\test\145realround.png,0,4,0,3.023
C:\Users\kwon\Desktop\스마트미러 관련논문\모델검증\test\146realround.png,0,4,0,4.703
C:\Users\kwon\Desktop\스마트미러 관련논문\모델검증\test\147realround.png,0,0,1,1.985
C:\Users\kwon\Desktop\스마트미러 관련논문\모델검증\test\148realround.png,0,4,0,2.942
C:\Users\kwon\Desktop\스마트미러 관련논문\모델검증\test\149realround.png,0,4,0,6.171
C:\Users\kwon\Desktop\스마트미러 관련논문\모델검증\test\150realround.png,0,4,0,2.889
C:\Users\kwon\Desktop\스마트미러 관련논문\모델검증\test\151realround.png,0,0,1,5.918
C:\Users\kwon\Desktop\스마트미러 관련논문\모델검증\test\152realround.png,0,0,1,2.025
C:\Users\kwon\Desktop\스마트미러 관련논문\모델검증\test\153realround.png,0,0,1,5.844
C:\Users\kwon\Desktop\스마트미러 관련논문\모델검증\test\154realround.png,0,4,0,4.760
C:\Users\kwon\Desktop\스마트미러 관련논문\모델검증\test\155realround.png,0,4,0,2.641
C:\Users\kwon\Desktop\스마트미러 관련논문\모델검증\test\156realround.png,0,4,0,2.995
C:\Users\kwon\Desktop\스마트미러 관련논문\모델검증\test\157realround.png,0,4,0,2.257
C:\Users\kwon\Desktop\스마트미러 관련논문\모델검증\test\158realround.png,0,0,1,1.668
C:\Users\kwon\Desktop\스마트미러 관련논문\모델검증\test\159realround.png,0,4,0,6.557
C:\Users\kwon\Desktop\스마트미러 관련논문\모델검증\test\160realround.png,0,4,0,3.433
C:\Users\kwon\Desktop\스마트미러 관련논문\모델검증\test\161realround.png,0,4,0,2.775
C:\Users\kwon\Desktop\스마트미러 관련논문\모델검증\test\162realround.png,0,4,0,6.507
C:\Users\kwon\Desktop\스마트미러 관련논문\모델검증\test\55realround.png,0,0,1,5.856
C:\Users\kwon\Desktop\스마트미러 관련논문\모델검증\test\56realround.png,0,4,0,5.453
C:\Users\kwon\Desktop\스마트미러 관련논문\모델검증\test\57realround.png,0,4,0,5.140
C:\Users\kwon\Desktop\스마트미러 관련논문\모델검증\test\58realround.png,0,4,0,5.715
C:\Users\kwon\Desktop\스마트미러 관련논문\모델검증\test\59realround.png,0,0,1,1.620
C:\Users\kwon\Desktop\스마트미러 관련논문\모델검증\test\60realround.png,0,4,0,4.155
C:\Users\kwon\Desktop\스마트미러 관련논문\모델검증\test\61realround.png,0,4,0,3.716
C:\Users\kwon\Desktop\스마트미러 관련논문\모델검증\test\62realround.png,0,4,0,3.985
C:\Users\kwon\Desktop\스마트미러 관련논문\모델검증\test\63realround.png,0,0,1,4.577
C:\Users\kwon\Desktop\스마트미러 관련논문\모델검증\test\64realround.png,0,4,0,2.906
C:\Users\kwon\Desktop\스마트미러 관련논문\모델검증\test\65realround.png,0,4,0,3.575
C:\Users\kwon\Desktop\스마트미러 관련논문\모델검증\test\66realround.png,0,4,0,11.601
C:\Users\kwon\Desktop\스마트미러 관련논문\모델검증\test\67realround.png,0,4,0,2.255
C:\Users\kwon\Desktop\스마트미러 관련논문\모델검증\test\68realround.png,0,4,0,3.132
C:\Users\kwon\Desktop\스마트미러 관련논문\모델검증\test\69realround.png,0,4,0,5.082
C:\Users\kwon\Desktop\스마트미러 관련논문\모델검증\test\70realround.png,0,4,0,2.814
C:\Users\kwon\Desktop\스마트미러 관련논문\모델검증\test\71realround.png,0,4,0,2.853
C:\Users\kwon\Desktop\스마트미러 관련논문\모델검증\test\72realround.png,0,4,0,1.693
C:\Users\kwon\Desktop\스마트미러 관련논문\모델검증\test\73realround.png,0,4,0,2.423
C:\Users\kwon\Desktop\스마트미러 관련논문\모델검증\test\74realround.png,0,4,0,3.070
C:\Users\kwon\Desktop\스마트미러 관련논문\모델검증\test\75realround.png,0,0,1,3.097
C:\Users\kwon\Desktop\스마트미러 관련논문\모델검증\test\76realround.png,0,4,0,3.740
C:\Users\kwon\Desktop\스마트미러 관련논문\모델검증\test\77realround.png,0,4,0,3.425
C:\Users\kwon\Desktop\스마트미러 관련논문\모델검증\test\78realround.png,0,4,0,3.506
C:\Users\kwon\Desktop\스마트미러 관련논문\모델검증\test\79realround.png,0,0,1,5.878
C:\Users\kwon\Desktop\스마트미러 관련논문\모델검증\test\80realround.png,0,4,0,4.388
C:\Users\kwon\Desktop\스마트미러 관련논문\모델검증\test\81realround.png,0,4,0,5.919
C:\Users\kwon\Desktop\스마트미러 관련논문\모델검증\test\82realround.png,0,4,0,2.993
C:\Users\kwon\Desktop\스마트미러 관련논문\모델검증\test\83realround.png,0,4,0,4.966
C:\Users\kwon\Desktop\스마트미러 관련논문\모델검증\test\84realround.png,0,0,1,5.415
C:\Users\kwon\Desktop\스마트미러 관련논문\모델검증\test\85realround.png,0,4,0,6.051
C:\Users\kwon\Desktop\스마트미러 관련논문\모델검증\test\86realround.png,0,4,0,5.938
C:\Users\kwon\Desktop\스마트미러 관련논문\모델검증\test\87realround.png,0,4,0,2.295
C:\Users\kwon\Desktop\스마트미러 관련논문\모델검증\test\88realround.png,0,4,0,6.048
C:\Users\kwon\Desktop\스마트미러 관련논문\모델검증\test\89realround.png,0,4,0,6.528
C:\Users\kwon\Desktop\스마트미러 관련논문\모델검증\test\90realround.png,0,4,0,6.017
C:\Users\kwon\Desktop\스마트미러 관련논문\모델검증\test\91realround.png,0,4,0,5.168
C:\Users\kwon\Desktop\스마트미러 관련논문\모델검증\test\92realround.png,0,4,0,3.547
C:\Users\kwon\Desktop\스마트미러 관련논문\모델검증\test\93realround.png,0,4,0,5.192
C:\Users\kwon\Desktop\스마트미러 관련논문\모델검증\test\94realround.png,0,0,1,4.866
C:\Users\kwon\Desktop\스마트미러 관련논문\모델검증\test\95realround.png,0,0,1,6.297
C:\Users\kwon\Desktop\스마트미러 관련논문\모델검증\test\96realround.png,0,4,0,1.525
C:\Users\kwon\Desktop\스마트미러 관련논문\모델검증\test\97realround.png,0,4,0,3.790
C:\Users\kwon\Desktop\스마트미러 관련논문\모델검증\test\98realround.png,0,4,0,5.729
C:\Users\kwon\Desktop\스마트미러 관련논문\모델검증\test\99realround.png,0,4,0,5.432
